id;alpha;jobs_count;single;small;example_number;blocks;series_name;energy;jobs;lower_bound;solution;permutation;iteration_solution_found;time_solution_found;total_ga_time;iterations_count;population_size;elites_count;random_initial_population_probability;best_random_population_size;selection_type;crossover_probability;crossover_type;mutation_probability;mutation_type;mutation_window;lambda;include_zero
1;1.5;50;0.5;0.5;0;0;11;100000;[[2, 90], [2, 575], [1, 875], [2, 425], [2, 650], [2, 200], [2, 575], [2, 875], [1, 725], [1, 350], [2, 275], [2, 20], [2, 575], [2, 30], [2, 80], [2, 725], [1, 500], [1, 875], [2, 40], [2, 70], [2, 275], [2, 100], [1, 30], [2, 50], [2, 50], [1, 725], [2, 725], [1, 200], [1, 40], [2, 90], [1, 500], [1, 10], [1, 40], [1, 50], [2, 875], [2, 275], [2, 60], [2, 90], [2, 90], [1, 200], [2, 350], [1, 575], [1, 70], [2, 30], [1, 800], [2, 10], [1, 500], [2, 20], [2, 80], [2, 30]];6414.9575597616995;6645.662380920297;[23, 29, 32, 46, 48, 12, 14, 50, 44, 19, 24, 25, 37, 22, 28, 33, 43, 20, 15, 30, 38, 39, 1, 11, 49, 6, 36, 45, 47, 40, 42, 17, 21, 34, 31, 26, 9, 18, 10, 3, 41, 4, 13, 2, 7, 5, 27, 16, 8, 35];38;289;313;10000;200;2;0.2;10;RANKING;0.8;OX;0.2;SHIFT;-1;0.0;true
2;1.5;50;0.5;0.5;0;0;11;100000;[[2, 90], [2, 575], [1, 875], [2, 425], [2, 650], [2, 200], [2, 575], [2, 875], [1, 725], [1, 350], [2, 275], [2, 20], [2, 575], [2, 30], [2, 80], [2, 725], [1, 500], [1, 875], [2, 40], [2, 70], [2, 275], [2, 100], [1, 30], [2, 50], [2, 50], [1, 725], [2, 725], [1, 200], [1, 40], [2, 90], [1, 500], [1, 10], [1, 40], [1, 50], [2, 875], [2, 275], [2, 60], [2, 90], [2, 90], [1, 200], [2, 350], [1, 575], [1, 70], [2, 30], [1, 800], [2, 10], [1, 500], [2, 20], [2, 80], [2, 30]];6414.9575597616995;6627.076225852689;[46, 48, 12, 44, 50, 14, 19, 25, 15, 40, 34, 33, 24, 20, 30, 43, 31, 10, 23, 32, 28, 37, 49, 38, 1, 29, 39, 22, 6, 21, 36, 11, 41, 47, 3, 9, 17, 26, 45, 18, 42, 4, 2, 7, 13, 5, 27, 16, 8, 35];28;228;331;10000;200;2;0.2;10;RANKING;0.8;PMX;0.2;SHIFT;-1;0.0;true
3;1.5;50;0.5;0.5;0;0;11;100000;[[2, 90], [2, 575], [1, 875], [2, 425], [2, 650], [2, 200], [2, 575], [2, 875], [1, 725], [1, 350], [2, 275], [2, 20], [2, 575], [2, 30], [2, 80], [2, 725], [1, 500], [1, 875], [2, 40], [2, 70], [2, 275], [2, 100], [1, 30], [2, 50], [2, 50], [1, 725], [2, 725], [1, 200], [1, 40], [2, 90], [1, 500], [1, 10], [1, 40], [1, 50], [2, 875], [2, 275], [2, 60], [2, 90], [2, 90], [1, 200], [2, 350], [1, 575], [1, 70], [2, 30], [1, 800], [2, 10], [1, 500], [2, 20], [2, 80], [2, 30]];6414.9575597616995;6540.858652752768;[46, 12, 48, 32, 34, 29, 23, 43, 33, 44, 50, 14, 19, 24, 25, 37, 20, 15, 49, 1, 39, 38, 30, 40, 28, 22, 6, 26, 10, 17, 31, 36, 21, 11, 41, 42, 45, 18, 47, 3, 9, 4, 13, 7, 2, 5, 16, 27, 8, 35];590;153;253;10000;200;2;0.2;10;RANKING;0.8;OPX;0.2;SHIFT;-1;0.0;true
4;1.5;50;0.5;0.5;1;0;11;100000;[[1, 80], [2, 575], [2, 10], [2, 30], [2, 20], [1, 650], [1, 875], [2, 425], [1, 350], [1, 875], [1, 40], [1, 500], [2, 500], [2, 875], [2, 70], [1, 90], [2, 200], [2, 80], [1, 100], [1, 10], [1, 800], [1, 725], [2, 200], [2, 500], [2, 80], [1, 350], [2, 50], [2, 500], [1, 650], [2, 350], [1, 200], [1, 350], [2, 200], [2, 500], [2, 425], [1, 80], [1, 500], [2, 40], [2, 40], [1, 650], [1, 40], [1, 30], [1, 10], [1, 40], [1, 500], [1, 500], [2, 10], [2, 350], [1, 60], [2, 575]];5734.079766682962;5953.912087601501;[42, 43, 20, 3, 47, 5, 4, 38, 44, 19, 36, 11, 1, 49, 39, 27, 15, 18, 25, 23, 33, 17, 32, 12, 37, 9, 40, 41, 26, 31, 45, 7, 29, 21, 46, 22, 6, 16, 10, 48, 30, 8, 35, 13, 28, 34, 24, 2, 50, 14];38;226;246;10000;200;2;0.2;10;RANKING;0.8;OX;0.2;SHIFT;-1;0.0;true
5;1.5;50;0.5;0.5;1;0;11;100000;[[1, 80], [2, 575], [2, 10], [2, 30], [2, 20], [1, 650], [1, 875], [2, 425], [1, 350], [1, 875], [1, 40], [1, 500], [2, 500], [2, 875], [2, 70], [1, 90], [2, 200], [2, 80], [1, 100], [1, 10], [1, 800], [1, 725], [2, 200], [2, 500], [2, 80], [1, 350], [2, 50], [2, 500], [1, 650], [2, 350], [1, 200], [1, 350], [2, 200], [2, 500], [2, 425], [1, 80], [1, 500], [2, 40], [2, 40], [1, 650], [1, 40], [1, 30], [1, 10], [1, 40], [1, 500], [1, 500], [2, 10], [2, 350], [1, 60], [2, 575]];5734.079766682962;5933.364113230862;[47, 3, 5, 44, 16, 41, 43, 19, 20, 36, 1, 42, 11, 4, 38, 39, 27, 15, 18, 25, 33, 23, 17, 12, 9, 37, 46, 26, 31, 45, 49, 32, 29, 30, 7, 21, 22, 40, 10, 6, 48, 35, 8, 28, 24, 13, 2, 34, 50, 14];10;55;312;10000;200;2;0.2;10;RANKING;0.8;PMX;0.2;SHIFT;-1;0.0;true
6;1.5;50;0.5;0.5;1;0;11;100000;[[1, 80], [2, 575], [2, 10], [2, 30], [2, 20], [1, 650], [1, 875], [2, 425], [1, 350], [1, 875], [1, 40], [1, 500], [2, 500], [2, 875], [2, 70], [1, 90], [2, 200], [2, 80], [1, 100], [1, 10], [1, 800], [1, 725], [2, 200], [2, 500], [2, 80], [1, 350], [2, 50], [2, 500], [1, 650], [2, 350], [1, 200], [1, 350], [2, 200], [2, 500], [2, 425], [1, 80], [1, 500], [2, 40], [2, 40], [1, 650], [1, 40], [1, 30], [1, 10], [1, 40], [1, 500], [1, 500], [2, 10], [2, 350], [1, 60], [2, 575]];5734.079766682962;5865.512401944747;[47, 3, 5, 44, 49, 11, 36, 19, 42, 43, 41, 4, 38, 39, 27, 31, 1, 15, 25, 18, 26, 32, 33, 23, 17, 46, 16, 20, 6, 45, 12, 9, 40, 30, 48, 29, 37, 21, 10, 22, 7, 35, 8, 28, 34, 13, 24, 2, 50, 14];248;86;340;10000;200;2;0.2;10;RANKING;0.8;OPX;0.2;SHIFT;-1;0.0;true
7;1.5;50;0.5;0.5;2;0;11;100000;[[2, 100], [2, 800], [1, 90], [1, 10], [1, 10], [2, 800], [1, 875], [1, 90], [2, 80], [2, 40], [1, 425], [2, 80], [2, 650], [1, 90], [2, 650], [1, 40], [1, 40], [2, 350], [2, 40], [1, 875], [1, 350], [1, 875], [2, 350], [1, 60], [1, 10], [1, 875], [1, 50], [1, 500], [1, 10], [1, 80], [1, 40], [2, 10], [1, 20], [1, 40], [1, 650], [2, 875], [2, 50], [2, 725], [1, 350], [2, 30], [2, 575], [2, 875], [2, 350], [2, 650], [2, 800], [1, 275], [1, 200], [1, 575], [1, 425], [2, 875]];9414.891311733865;9681.569133825775;[34, 27, 32, 14, 25, 29, 5, 17, 33, 31, 16, 24, 40, 19, 37, 4, 10, 9, 12, 1, 49, 28, 46, 39, 22, 26, 30, 11, 8, 20, 47, 35, 21, 3, 48, 7, 18, 43, 23, 41, 15, 13, 44, 38, 2, 6, 45, 42, 36, 50];37;228;258;10000;200;2;0.2;10;RANKING;0.8;OX;0.2;SHIFT;-1;0.0;true
8;1.5;50;0.5;0.5;2;0;11;100000;[[2, 100], [2, 800], [1, 90], [1, 10], [1, 10], [2, 800], [1, 875], [1, 90], [2, 80], [2, 40], [1, 425], [2, 80], [2, 650], [1, 90], [2, 650], [1, 40], [1, 40], [2, 350], [2, 40], [1, 875], [1, 350], [1, 875], [2, 350], [1, 60], [1, 10], [1, 875], [1, 50], [1, 500], [1, 10], [1, 80], [1, 40], [2, 10], [1, 20], [1, 40], [1, 650], [2, 875], [2, 50], [2, 725], [1, 350], [2, 30], [2, 575], [2, 875], [2, 350], [2, 650], [2, 800], [1, 275], [1, 200], [1, 575], [1, 425], [2, 875]];9414.891311733865;9706.744396086431;[29, 5, 32, 8, 16, 17, 25, 27, 40, 19, 12, 47, 14, 34, 30, 31, 10, 37, 9, 1, 26, 33, 21, 22, 39, 20, 4, 49, 11, 28, 46, 48, 35, 24, 3, 7, 23, 43, 18, 41, 15, 44, 13, 38, 2, 45, 6, 36, 50, 42];24;125;215;10000;200;2;0.2;10;RANKING;0.8;PMX;0.2;SHIFT;-1;0.0;true
9;1.5;50;0.5;0.5;2;0;11;100000;[[2, 100], [2, 800], [1, 90], [1, 10], [1, 10], [2, 800], [1, 875], [1, 90], [2, 80], [2, 40], [1, 425], [2, 80], [2, 650], [1, 90], [2, 650], [1, 40], [1, 40], [2, 350], [2, 40], [1, 875], [1, 350], [1, 875], [2, 350], [1, 60], [1, 10], [1, 875], [1, 50], [1, 500], [1, 10], [1, 80], [1, 40], [2, 10], [1, 20], [1, 40], [1, 650], [2, 875], [2, 50], [2, 725], [1, 350], [2, 30], [2, 575], [2, 875], [2, 350], [2, 650], [2, 800], [1, 275], [1, 200], [1, 575], [1, 425], [2, 875]];9414.891311733865;9574.121959484339;[33, 31, 4, 5, 34, 25, 24, 16, 29, 32, 40, 17, 30, 3, 27, 19, 10, 37, 47, 8, 12, 9, 1, 39, 14, 49, 46, 28, 35, 48, 20, 21, 11, 7, 23, 18, 43, 26, 22, 41, 15, 44, 13, 38, 45, 6, 2, 42, 50, 36];1006;210;211;10000;200;2;0.2;10;RANKING;0.8;OPX;0.2;SHIFT;-1;0.0;true
10;1.5;50;0.5;0.5;3;0;11;100000;[[1, 425], [2, 40], [1, 575], [2, 275], [1, 20], [1, 30], [2, 575], [1, 100], [2, 650], [1, 100], [1, 875], [2, 575], [2, 100], [2, 60], [2, 60], [1, 875], [1, 30], [2, 20], [2, 500], [1, 20], [1, 650], [1, 60], [1, 100], [2, 650], [2, 875], [2, 650], [1, 100], [1, 500], [1, 200], [2, 50], [1, 875], [2, 10], [1, 10], [1, 70], [2, 275], [1, 800], [2, 200], [1, 50], [2, 800], [1, 100], [1, 200], [2, 200], [1, 60], [1, 800], [1, 60], [2, 500], [1, 650], [1, 10], [2, 90], [1, 30]];5295.7232419241855;5479.85334567994;[34, 27, 6, 20, 50, 17, 48, 5, 38, 8, 18, 2, 30, 23, 41, 33, 22, 40, 43, 32, 14, 15, 49, 13, 4, 29, 10, 37, 35, 42, 1, 47, 45, 16, 28, 3, 11, 36, 21, 44, 31, 46, 19, 12, 7, 24, 9, 26, 39, 25];28;153;233;10000;200;2;0.2;10;RANKING;0.8;OX;0.2;SHIFT;-1;0.0;true
11;1.5;50;0.5;0.5;3;0;11;100000;[[1, 425], [2, 40], [1, 575], [2, 275], [1, 20], [1, 30], [2, 575], [1, 100], [2, 650], [1, 100], [1, 875], [2, 575], [2, 100], [2, 60], [2, 60], [1, 875], [1, 30], [2, 20], [2, 500], [1, 20], [1, 650], [1, 60], [1, 100], [2, 650], [2, 875], [2, 650], [1, 100], [1, 500], [1, 200], [2, 50], [1, 875], [2, 10], [1, 10], [1, 70], [2, 275], [1, 800], [2, 200], [1, 50], [2, 800], [1, 100], [1, 200], [2, 200], [1, 60], [1, 800], [1, 60], [2, 500], [1, 650], [1, 10], [2, 90], [1, 30]];5295.7232419241855;5534.7064882546165;[50, 17, 10, 18, 20, 45, 22, 27, 6, 34, 2, 43, 33, 29, 5, 32, 14, 15, 49, 13, 35, 23, 41, 40, 48, 30, 37, 42, 4, 1, 28, 47, 11, 3, 31, 36, 38, 8, 21, 44, 16, 46, 19, 7, 12, 26, 9, 24, 39, 25];40;199;208;10000;200;2;0.2;10;RANKING;0.8;PMX;0.2;SHIFT;-1;0.0;true
12;1.5;50;0.5;0.5;3;0;11;100000;[[1, 425], [2, 40], [1, 575], [2, 275], [1, 20], [1, 30], [2, 575], [1, 100], [2, 650], [1, 100], [1, 875], [2, 575], [2, 100], [2, 60], [2, 60], [1, 875], [1, 30], [2, 20], [2, 500], [1, 20], [1, 650], [1, 60], [1, 100], [2, 650], [2, 875], [2, 650], [1, 100], [1, 500], [1, 200], [2, 50], [1, 875], [2, 10], [1, 10], [1, 70], [2, 275], [1, 800], [2, 200], [1, 50], [2, 800], [1, 100], [1, 200], [2, 200], [1, 60], [1, 800], [1, 60], [2, 500], [1, 650], [1, 10], [2, 90], [1, 30]];5295.7232419241855;5397.900992868165;[32, 18, 33, 48, 20, 5, 17, 45, 50, 8, 10, 43, 6, 23, 2, 30, 40, 41, 22, 38, 27, 34, 29, 14, 15, 49, 13, 37, 42, 28, 1, 47, 3, 4, 35, 44, 21, 16, 31, 36, 11, 46, 19, 12, 7, 9, 24, 26, 39, 25];1005;210;211;10000;200;2;0.2;10;RANKING;0.8;OPX;0.2;SHIFT;-1;0.0;true
13;1.5;50;0.5;0.5;4;0;11;100000;[[1, 30], [2, 60], [2, 725], [2, 60], [2, 275], [1, 40], [2, 350], [2, 50], [2, 40], [1, 100], [1, 650], [1, 40], [2, 800], [1, 90], [2, 40], [1, 30], [1, 70], [1, 875], [2, 70], [2, 50], [1, 100], [2, 875], [1, 70], [1, 575], [2, 20], [1, 425], [1, 875], [1, 10], [1, 200], [2, 800], [1, 875], [2, 90], [2, 650], [1, 275], [2, 90], [2, 275], [1, 800], [2, 725], [2, 10], [1, 875], [2, 60], [1, 60], [1, 20], [1, 425], [1, 20], [1, 90], [2, 40], [1, 275], [1, 425], [2, 60]];3672.0961995966136;3835.47734137722;[39, 25, 8, 45, 28, 43, 46, 1, 12, 17, 10, 47, 2, 23, 14, 6, 16, 42, 21, 9, 20, 41, 4, 50, 19, 35, 32, 34, 48, 15, 36, 11, 29, 49, 5, 27, 44, 40, 37, 26, 18, 24, 31, 7, 33, 38, 3, 30, 13, 22];19;105;237;10000;200;2;0.2;10;RANKING;0.8;OX;0.2;SHIFT;-1;0.0;true
14;1.5;50;0.5;0.5;4;0;11;100000;[[1, 30], [2, 60], [2, 725], [2, 60], [2, 275], [1, 40], [2, 350], [2, 50], [2, 40], [1, 100], [1, 650], [1, 40], [2, 800], [1, 90], [2, 40], [1, 30], [1, 70], [1, 875], [2, 70], [2, 50], [1, 100], [2, 875], [1, 70], [1, 575], [2, 20], [1, 425], [1, 875], [1, 10], [1, 200], [2, 800], [1, 875], [2, 90], [2, 650], [1, 275], [2, 90], [2, 275], [1, 800], [2, 725], [2, 10], [1, 875], [2, 60], [1, 60], [1, 20], [1, 425], [1, 20], [1, 90], [2, 40], [1, 275], [1, 425], [2, 60]];3672.0961995966136;3835.646449137302;[25, 23, 1, 28, 43, 9, 21, 42, 39, 15, 6, 46, 17, 47, 20, 8, 4, 34, 16, 29, 14, 45, 10, 50, 41, 12, 2, 19, 35, 32, 11, 48, 26, 44, 24, 31, 49, 36, 5, 18, 37, 40, 27, 7, 33, 38, 3, 13, 30, 22];28;151;223;10000;200;2;0.2;10;RANKING;0.8;PMX;0.2;SHIFT;-1;0.0;true
15;1.5;50;0.5;0.5;4;0;11;100000;[[1, 30], [2, 60], [2, 725], [2, 60], [2, 275], [1, 40], [2, 350], [2, 50], [2, 40], [1, 100], [1, 650], [1, 40], [2, 800], [1, 90], [2, 40], [1, 30], [1, 70], [1, 875], [2, 70], [2, 50], [1, 100], [2, 875], [1, 70], [1, 575], [2, 20], [1, 425], [1, 875], [1, 10], [1, 200], [2, 800], [1, 875], [2, 90], [2, 650], [1, 275], [2, 90], [2, 275], [1, 800], [2, 725], [2, 10], [1, 875], [2, 60], [1, 60], [1, 20], [1, 425], [1, 20], [1, 90], [2, 40], [1, 275], [1, 425], [2, 60]];3672.0961995966136;3762.309168982852;[39, 1, 45, 6, 16, 25, 12, 21, 17, 28, 43, 9, 46, 23, 42, 14, 15, 47, 8, 20, 4, 2, 41, 50, 19, 32, 35, 10, 29, 34, 49, 48, 44, 24, 26, 5, 36, 7, 18, 40, 37, 11, 27, 31, 33, 38, 3, 30, 13, 22];127;31;212;10000;200;2;0.2;10;RANKING;0.8;OPX;0.2;SHIFT;-1;0.0;true
16;1.5;50;0.5;0.5;5;0;11;100000;[[2, 800], [1, 20], [1, 60], [1, 350], [2, 275], [1, 80], [2, 100], [1, 575], [1, 200], [2, 875], [2, 800], [1, 40], [1, 350], [2, 10], [2, 575], [2, 575], [1, 20], [2, 725], [2, 20], [2, 725], [2, 80], [2, 60], [1, 500], [2, 20], [2, 20], [1, 90], [2, 30], [2, 80], [2, 800], [2, 725], [1, 30], [2, 425], [2, 40], [2, 350], [2, 30], [1, 70], [2, 875], [2, 30], [1, 100], [1, 200], [1, 875], [2, 800], [1, 425], [2, 875], [2, 425], [2, 650], [2, 350], [1, 40], [2, 80], [1, 425]];11179.860765561674;11330.2417840182;[19, 24, 25, 6, 12, 31, 17, 33, 21, 48, 26, 2, 3, 39, 14, 35, 38, 27, 22, 49, 28, 7, 9, 23, 36, 13, 43, 41, 50, 40, 8, 4, 5, 34, 47, 32, 45, 15, 16, 46, 18, 30, 20, 42, 1, 11, 29, 44, 37, 10];30;181;261;10000;200;2;0.2;10;RANKING;0.8;OX;0.2;SHIFT;-1;0.0;true
17;1.5;50;0.5;0.5;5;0;11;100000;[[2, 800], [1, 20], [1, 60], [1, 350], [2, 275], [1, 80], [2, 100], [1, 575], [1, 200], [2, 875], [2, 800], [1, 40], [1, 350], [2, 10], [2, 575], [2, 575], [1, 20], [2, 725], [2, 20], [2, 725], [2, 80], [2, 60], [1, 500], [2, 20], [2, 20], [1, 90], [2, 30], [2, 80], [2, 800], [2, 725], [1, 30], [2, 425], [2, 40], [2, 350], [2, 30], [1, 70], [2, 875], [2, 30], [1, 100], [1, 200], [1, 875], [2, 800], [1, 425], [2, 875], [2, 425], [2, 650], [2, 350], [1, 40], [2, 80], [1, 425]];11179.860765561674;11373.341939766193;[14, 17, 2, 25, 19, 24, 38, 27, 9, 12, 33, 28, 39, 22, 36, 3, 21, 35, 49, 7, 50, 43, 13, 31, 40, 26, 4, 23, 48, 6, 8, 41, 5, 34, 47, 45, 32, 16, 15, 46, 18, 20, 30, 1, 42, 11, 29, 10, 44, 37];29;163;238;10000;200;2;0.2;10;RANKING;0.8;PMX;0.2;SHIFT;-1;0.0;true
18;1.5;50;0.5;0.5;5;0;11;100000;[[2, 800], [1, 20], [1, 60], [1, 350], [2, 275], [1, 80], [2, 100], [1, 575], [1, 200], [2, 875], [2, 800], [1, 40], [1, 350], [2, 10], [2, 575], [2, 575], [1, 20], [2, 725], [2, 20], [2, 725], [2, 80], [2, 60], [1, 500], [2, 20], [2, 20], [1, 90], [2, 30], [2, 80], [2, 800], [2, 725], [1, 30], [2, 425], [2, 40], [2, 350], [2, 30], [1, 70], [2, 875], [2, 30], [1, 100], [1, 200], [1, 875], [2, 800], [1, 425], [2, 875], [2, 425], [2, 650], [2, 350], [1, 40], [2, 80], [1, 425]];11179.860765561674;11277.335214551116;[14, 6, 2, 17, 31, 48, 24, 25, 19, 38, 35, 27, 3, 12, 26, 36, 33, 22, 21, 49, 28, 7, 40, 50, 9, 39, 13, 4, 43, 23, 8, 41, 5, 34, 47, 32, 45, 16, 15, 46, 30, 20, 18, 1, 42, 29, 11, 44, 37, 10];170;44;244;10000;200;2;0.2;10;RANKING;0.8;OPX;0.2;SHIFT;-1;0.0;true
19;1.5;50;0.5;0.5;6;0;11;100000;[[1, 40], [2, 10], [2, 50], [1, 100], [1, 800], [2, 425], [2, 70], [2, 725], [2, 200], [1, 200], [1, 100], [2, 575], [1, 30], [2, 10], [1, 80], [2, 350], [2, 30], [2, 575], [2, 50], [2, 650], [2, 575], [2, 10], [2, 50], [1, 60], [2, 70], [1, 800], [2, 30], [2, 90], [2, 90], [2, 725], [1, 60], [1, 20], [2, 800], [2, 20], [2, 725], [1, 800], [1, 800], [1, 875], [2, 500], [2, 800], [1, 70], [1, 800], [2, 30], [2, 50], [1, 800], [1, 200], [1, 100], [2, 60], [2, 50], [1, 60]];5868.302006944241;6067.151418367923;[22, 2, 14, 34, 17, 43, 27, 23, 50, 44, 10, 32, 31, 24, 41, 1, 47, 13, 15, 4, 11, 19, 49, 3, 48, 25, 7, 28, 29, 9, 37, 5, 26, 36, 42, 45, 46, 38, 16, 6, 39, 12, 18, 21, 20, 8, 30, 35, 40, 33];19;115;260;10000;200;2;0.2;10;RANKING;0.8;OX;0.2;SHIFT;-1;0.0;true
20;1.5;50;0.5;0.5;6;0;11;100000;[[1, 40], [2, 10], [2, 50], [1, 100], [1, 800], [2, 425], [2, 70], [2, 725], [2, 200], [1, 200], [1, 100], [2, 575], [1, 30], [2, 10], [1, 80], [2, 350], [2, 30], [2, 575], [2, 50], [2, 650], [2, 575], [2, 10], [2, 50], [1, 60], [2, 70], [1, 800], [2, 30], [2, 90], [2, 90], [2, 725], [1, 60], [1, 20], [2, 800], [2, 20], [2, 725], [1, 800], [1, 800], [1, 875], [2, 500], [2, 800], [1, 70], [1, 800], [2, 30], [2, 50], [1, 800], [1, 200], [1, 100], [2, 60], [2, 50], [1, 60]];5868.302006944241;6087.316335746432;[14, 22, 2, 34, 43, 17, 46, 50, 13, 32, 1, 15, 4, 27, 49, 44, 23, 3, 19, 48, 7, 25, 29, 28, 5, 24, 11, 9, 41, 6, 42, 36, 10, 37, 45, 47, 38, 26, 31, 16, 39, 18, 12, 21, 20, 30, 35, 8, 40, 33];10;59;241;10000;200;2;0.2;10;RANKING;0.8;PMX;0.2;SHIFT;-1;0.0;true
21;1.5;50;0.5;0.5;6;0;11;100000;[[1, 40], [2, 10], [2, 50], [1, 100], [1, 800], [2, 425], [2, 70], [2, 725], [2, 200], [1, 200], [1, 100], [2, 575], [1, 30], [2, 10], [1, 80], [2, 350], [2, 30], [2, 575], [2, 50], [2, 650], [2, 575], [2, 10], [2, 50], [1, 60], [2, 70], [1, 800], [2, 30], [2, 90], [2, 90], [2, 725], [1, 60], [1, 20], [2, 800], [2, 20], [2, 725], [1, 800], [1, 800], [1, 875], [2, 500], [2, 800], [1, 70], [1, 800], [2, 30], [2, 50], [1, 800], [1, 200], [1, 100], [2, 60], [2, 50], [1, 60]];5868.302006944241;5992.744172113063;[14, 2, 22, 34, 1, 31, 24, 32, 15, 50, 27, 17, 43, 41, 11, 13, 23, 49, 3, 44, 19, 48, 25, 7, 28, 29, 37, 4, 9, 16, 36, 42, 45, 5, 47, 46, 10, 38, 26, 6, 39, 21, 18, 12, 20, 30, 8, 35, 40, 33];142;37;238;10000;200;2;0.2;10;RANKING;0.8;OPX;0.2;SHIFT;-1;0.0;true
22;1.5;50;0.5;0.5;7;0;11;100000;[[1, 275], [1, 60], [2, 100], [2, 200], [1, 500], [2, 50], [2, 90], [1, 90], [2, 20], [1, 875], [1, 800], [1, 350], [1, 30], [2, 575], [2, 50], [2, 500], [1, 275], [2, 875], [1, 100], [1, 20], [1, 30], [2, 60], [1, 425], [2, 875], [1, 90], [2, 500], [1, 350], [2, 100], [2, 90], [1, 10], [1, 725], [2, 90], [1, 80], [1, 20], [1, 70], [1, 70], [1, 40], [2, 350], [2, 50], [2, 275], [1, 60], [1, 875], [2, 40], [1, 425], [2, 80], [1, 875], [2, 10], [2, 60], [2, 100], [1, 425]];2579.9600073569086;2714.097677719452;[47, 9, 22, 33, 30, 20, 13, 6, 39, 21, 15, 37, 35, 36, 41, 8, 34, 2, 19, 43, 48, 45, 7, 32, 29, 49, 3, 28, 4, 1, 10, 23, 17, 27, 12, 5, 25, 40, 44, 42, 50, 31, 38, 46, 11, 16, 26, 14, 18, 24];29;168;235;10000;200;2;0.2;10;RANKING;0.8;OX;0.2;SHIFT;-1;0.0;true
23;1.5;50;0.5;0.5;7;0;11;100000;[[1, 275], [1, 60], [2, 100], [2, 200], [1, 500], [2, 50], [2, 90], [1, 90], [2, 20], [1, 875], [1, 800], [1, 350], [1, 30], [2, 575], [2, 50], [2, 500], [1, 275], [2, 875], [1, 100], [1, 20], [1, 30], [2, 60], [1, 425], [2, 875], [1, 90], [2, 500], [1, 350], [2, 100], [2, 90], [1, 10], [1, 725], [2, 90], [1, 80], [1, 20], [1, 70], [1, 70], [1, 40], [2, 350], [2, 50], [2, 275], [1, 60], [1, 875], [2, 40], [1, 425], [2, 80], [1, 875], [2, 10], [2, 60], [2, 100], [1, 425]];2579.9600073569086;2730.9596370083686;[47, 9, 21, 20, 13, 37, 30, 19, 41, 2, 35, 43, 39, 33, 3, 36, 15, 6, 22, 48, 45, 29, 7, 28, 17, 8, 34, 32, 49, 4, 40, 1, 50, 25, 31, 12, 44, 42, 27, 11, 23, 46, 5, 10, 38, 16, 26, 14, 24, 18];32;161;222;10000;200;2;0.2;10;RANKING;0.8;PMX;0.2;SHIFT;-1;0.0;true
24;1.5;50;0.5;0.5;7;0;11;100000;[[1, 275], [1, 60], [2, 100], [2, 200], [1, 500], [2, 50], [2, 90], [1, 90], [2, 20], [1, 875], [1, 800], [1, 350], [1, 30], [2, 575], [2, 50], [2, 500], [1, 275], [2, 875], [1, 100], [1, 20], [1, 30], [2, 60], [1, 425], [2, 875], [1, 90], [2, 500], [1, 350], [2, 100], [2, 90], [1, 10], [1, 725], [2, 90], [1, 80], [1, 20], [1, 70], [1, 70], [1, 40], [2, 350], [2, 50], [2, 275], [1, 60], [1, 875], [2, 40], [1, 425], [2, 80], [1, 875], [2, 10], [2, 60], [2, 100], [1, 425]];2579.9600073569086;2654.4305067753567;[47, 9, 21, 37, 34, 36, 35, 8, 25, 30, 20, 41, 2, 33, 13, 19, 43, 15, 6, 39, 22, 48, 45, 29, 32, 7, 3, 28, 49, 4, 17, 1, 27, 23, 44, 50, 5, 12, 31, 40, 38, 11, 46, 42, 10, 16, 26, 14, 24, 18];917;194;212;10000;200;2;0.2;10;RANKING;0.8;OPX;0.2;SHIFT;-1;0.0;true
25;1.5;50;0.5;0.5;8;0;11;100000;[[1, 40], [1, 725], [1, 200], [1, 60], [1, 80], [2, 20], [1, 90], [2, 20], [1, 350], [2, 50], [1, 725], [2, 80], [1, 350], [2, 90], [2, 20], [2, 90], [1, 500], [1, 650], [1, 500], [1, 650], [1, 90], [1, 10], [2, 275], [1, 800], [1, 40], [2, 200], [2, 40], [2, 100], [1, 800], [2, 650], [1, 90], [2, 10], [1, 800], [2, 500], [1, 575], [1, 20], [2, 40], [1, 725], [1, 30], [1, 40], [1, 575], [2, 90], [1, 20], [1, 200], [2, 350], [1, 20], [2, 10], [2, 650], [2, 275], [1, 575]];2574.0058422152683;2737.7074311076162;[6, 31, 4, 1, 40, 39, 43, 7, 25, 36, 22, 46, 32, 8, 47, 15, 27, 37, 5, 21, 10, 42, 14, 28, 23, 12, 16, 26, 3, 9, 19, 13, 49, 35, 50, 20, 2, 44, 18, 17, 33, 38, 11, 29, 41, 24, 45, 34, 30, 48];25;125;215;10000;200;2;0.2;10;RANKING;0.8;OX;0.2;SHIFT;-1;0.0;true
26;1.5;50;0.5;0.5;8;0;11;100000;[[1, 40], [1, 725], [1, 200], [1, 60], [1, 80], [2, 20], [1, 90], [2, 20], [1, 350], [2, 50], [1, 725], [2, 80], [1, 350], [2, 90], [2, 20], [2, 90], [1, 500], [1, 650], [1, 500], [1, 650], [1, 90], [1, 10], [2, 275], [1, 800], [1, 40], [2, 200], [2, 40], [2, 100], [1, 800], [2, 650], [1, 90], [2, 10], [1, 800], [2, 500], [1, 575], [1, 20], [2, 40], [1, 725], [1, 30], [1, 40], [1, 575], [2, 90], [1, 20], [1, 200], [2, 350], [1, 20], [2, 10], [2, 650], [2, 275], [1, 575]];2574.0058422152683;2720.028782762033;[36, 39, 43, 46, 47, 32, 6, 8, 15, 27, 28, 4, 25, 7, 31, 10, 1, 44, 5, 21, 40, 3, 13, 22, 37, 16, 12, 14, 42, 26, 23, 49, 19, 50, 17, 9, 20, 11, 18, 35, 2, 29, 24, 41, 38, 33, 45, 34, 48, 30];19;97;219;10000;200;2;0.2;10;RANKING;0.8;PMX;0.2;SHIFT;-1;0.0;true
27;1.5;50;0.5;0.5;8;0;11;100000;[[1, 40], [1, 725], [1, 200], [1, 60], [1, 80], [2, 20], [1, 90], [2, 20], [1, 350], [2, 50], [1, 725], [2, 80], [1, 350], [2, 90], [2, 20], [2, 90], [1, 500], [1, 650], [1, 500], [1, 650], [1, 90], [1, 10], [2, 275], [1, 800], [1, 40], [2, 200], [2, 40], [2, 100], [1, 800], [2, 650], [1, 90], [2, 10], [1, 800], [2, 500], [1, 575], [1, 20], [2, 40], [1, 725], [1, 30], [1, 40], [1, 575], [2, 90], [1, 20], [1, 200], [2, 350], [1, 20], [2, 10], [2, 650], [2, 275], [1, 575]];2574.0058422152683;2668.8676423297293;[47, 32, 46, 22, 43, 39, 36, 4, 25, 15, 6, 8, 31, 1, 40, 5, 37, 27, 10, 44, 7, 12, 42, 16, 14, 28, 21, 13, 3, 19, 9, 26, 49, 23, 50, 17, 35, 41, 20, 18, 38, 2, 33, 11, 29, 24, 45, 34, 48, 30];770;159;210;10000;200;2;0.2;10;RANKING;0.8;OPX;0.2;SHIFT;-1;0.0;true
28;1.5;50;0.5;0.5;9;0;11;100000;[[1, 70], [2, 80], [2, 650], [1, 875], [1, 650], [2, 10], [1, 20], [2, 500], [2, 30], [1, 90], [2, 500], [1, 425], [1, 275], [2, 80], [1, 100], [2, 80], [2, 275], [2, 50], [1, 70], [1, 875], [1, 500], [1, 200], [2, 100], [2, 30], [1, 20], [2, 70], [2, 200], [1, 30], [1, 100], [2, 725], [1, 20], [1, 60], [2, 80], [1, 650], [1, 200], [1, 90], [2, 70], [2, 60], [2, 275], [2, 875], [1, 875], [1, 875], [2, 70], [2, 800], [2, 275], [1, 100], [1, 800], [2, 100], [1, 40], [1, 20]];3473.8531683152355;3637.9422845558865;[18, 6, 9, 49, 19, 28, 32, 7, 50, 15, 24, 38, 37, 10, 1, 25, 22, 29, 36, 31, 46, 35, 43, 26, 14, 33, 16, 2, 23, 48, 27, 45, 39, 17, 20, 12, 5, 21, 41, 13, 34, 47, 4, 42, 11, 8, 3, 30, 44, 40];10;56;243;10000;200;2;0.2;10;RANKING;0.8;OX;0.2;SHIFT;-1;0.0;true
29;1.5;50;0.5;0.5;9;0;11;100000;[[1, 70], [2, 80], [2, 650], [1, 875], [1, 650], [2, 10], [1, 20], [2, 500], [2, 30], [1, 90], [2, 500], [1, 425], [1, 275], [2, 80], [1, 100], [2, 80], [2, 275], [2, 50], [1, 70], [1, 875], [1, 500], [1, 200], [2, 100], [2, 30], [1, 20], [2, 70], [2, 200], [1, 30], [1, 100], [2, 725], [1, 20], [1, 60], [2, 80], [1, 650], [1, 200], [1, 90], [2, 70], [2, 60], [2, 275], [2, 875], [1, 875], [1, 875], [2, 70], [2, 800], [2, 275], [1, 100], [1, 800], [2, 100], [1, 40], [1, 20]];3473.8531683152355;3643.3000124792134;[6, 36, 49, 50, 31, 28, 9, 24, 32, 15, 1, 46, 19, 25, 18, 26, 37, 16, 38, 2, 12, 10, 35, 43, 14, 27, 29, 33, 23, 48, 7, 45, 39, 17, 13, 5, 47, 21, 34, 4, 42, 41, 22, 20, 11, 8, 3, 30, 44, 40];19;106;230;10000;200;2;0.2;10;RANKING;0.8;PMX;0.2;SHIFT;-1;0.0;true
30;1.5;50;0.5;0.5;9;0;11;100000;[[1, 70], [2, 80], [2, 650], [1, 875], [1, 650], [2, 10], [1, 20], [2, 500], [2, 30], [1, 90], [2, 500], [1, 425], [1, 275], [2, 80], [1, 100], [2, 80], [2, 275], [2, 50], [1, 70], [1, 875], [1, 500], [1, 200], [2, 100], [2, 30], [1, 20], [2, 70], [2, 200], [1, 30], [1, 100], [2, 725], [1, 20], [1, 60], [2, 80], [1, 650], [1, 200], [1, 90], [2, 70], [2, 60], [2, 275], [2, 875], [1, 875], [1, 875], [2, 70], [2, 800], [2, 275], [1, 100], [1, 800], [2, 100], [1, 40], [1, 20]];3473.8531683152355;3564.277487576134;[6, 25, 49, 50, 24, 31, 28, 7, 46, 19, 9, 1, 29, 10, 36, 15, 32, 18, 38, 43, 26, 37, 14, 16, 2, 33, 23, 48, 35, 12, 13, 21, 34, 22, 27, 17, 45, 39, 41, 20, 47, 5, 42, 4, 8, 11, 3, 30, 44, 40];607;132;219;10000;200;2;0.2;10;RANKING;0.8;OPX;0.2;SHIFT;-1;0.0;true
31;1.5;50;0.5;0.5;10;0;11;100000;[[1, 350], [1, 60], [1, 20], [1, 50], [1, 100], [1, 40], [2, 30], [2, 650], [2, 90], [1, 50], [1, 90], [2, 425], [2, 80], [1, 650], [2, 200], [2, 575], [1, 90], [2, 200], [1, 875], [2, 875], [2, 20], [1, 50], [2, 60], [2, 800], [1, 50], [1, 875], [2, 350], [2, 70], [1, 500], [2, 425], [1, 100], [2, 500], [2, 575], [1, 800], [1, 725], [1, 350], [1, 350], [2, 90], [1, 90], [1, 70], [2, 60], [1, 50], [1, 875], [1, 70], [1, 500], [2, 40], [2, 350], [1, 50], [1, 575], [2, 875]];5759.68463271097;5971.457439928009;[25, 48, 6, 44, 22, 3, 42, 17, 10, 7, 28, 21, 4, 5, 2, 11, 31, 46, 9, 39, 40, 41, 23, 13, 38, 18, 15, 36, 26, 43, 29, 49, 37, 45, 1, 34, 35, 19, 14, 27, 47, 30, 12, 32, 33, 16, 8, 24, 20, 50];37;276;323;10000;200;2;0.2;10;RANKING;0.8;OX;0.2;SHIFT;-1;0.0;true
32;1.5;50;0.5;0.5;10;0;11;100000;[[1, 350], [1, 60], [1, 20], [1, 50], [1, 100], [1, 40], [2, 30], [2, 650], [2, 90], [1, 50], [1, 90], [2, 425], [2, 80], [1, 650], [2, 200], [2, 575], [1, 90], [2, 200], [1, 875], [2, 875], [2, 20], [1, 50], [2, 60], [2, 800], [1, 50], [1, 875], [2, 350], [2, 70], [1, 500], [2, 425], [1, 100], [2, 500], [2, 575], [1, 800], [1, 725], [1, 350], [1, 350], [2, 90], [1, 90], [1, 70], [2, 60], [1, 50], [1, 875], [1, 70], [1, 500], [2, 40], [2, 350], [1, 50], [1, 575], [2, 875]];5759.68463271097;5986.95708607756;[7, 17, 11, 42, 25, 21, 6, 48, 10, 22, 39, 46, 5, 40, 3, 2, 31, 41, 23, 28, 13, 9, 38, 15, 18, 1, 14, 36, 49, 26, 35, 34, 43, 4, 44, 37, 29, 45, 19, 47, 27, 30, 12, 32, 33, 16, 8, 24, 20, 50];10;81;339;10000;200;2;0.2;10;RANKING;0.8;PMX;0.2;SHIFT;-1;0.0;true
33;1.5;50;0.5;0.5;10;0;11;100000;[[1, 350], [1, 60], [1, 20], [1, 50], [1, 100], [1, 40], [2, 30], [2, 650], [2, 90], [1, 50], [1, 90], [2, 425], [2, 80], [1, 650], [2, 200], [2, 575], [1, 90], [2, 200], [1, 875], [2, 875], [2, 20], [1, 50], [2, 60], [2, 800], [1, 50], [1, 875], [2, 350], [2, 70], [1, 500], [2, 425], [1, 100], [2, 500], [2, 575], [1, 800], [1, 725], [1, 350], [1, 350], [2, 90], [1, 90], [1, 70], [2, 60], [1, 50], [1, 875], [1, 70], [1, 500], [2, 40], [2, 350], [1, 50], [1, 575], [2, 875]];5759.68463271097;5871.228529484511;[21, 44, 40, 6, 25, 42, 10, 22, 3, 4, 11, 7, 2, 31, 39, 17, 48, 5, 46, 41, 23, 28, 13, 9, 38, 15, 18, 36, 29, 37, 1, 14, 45, 47, 27, 35, 49, 19, 26, 34, 43, 30, 12, 32, 16, 33, 8, 24, 50, 20];476;157;331;10000;200;2;0.2;10;RANKING;0.8;OPX;0.2;SHIFT;-1;0.0;true
34;1.5;50;0.5;0.5;11;0;11;100000;[[1, 350], [1, 575], [2, 100], [1, 725], [1, 425], [2, 10], [2, 425], [1, 90], [1, 800], [2, 90], [1, 50], [2, 60], [1, 70], [1, 50], [2, 50], [2, 30], [1, 575], [2, 350], [1, 650], [1, 800], [1, 650], [2, 350], [2, 40], [1, 60], [2, 10], [2, 90], [1, 100], [1, 725], [2, 425], [2, 650], [1, 40], [1, 90], [2, 40], [1, 90], [2, 800], [1, 90], [2, 350], [2, 800], [1, 10], [2, 200], [1, 60], [1, 90], [2, 50], [2, 425], [2, 80], [2, 875], [1, 30], [2, 100], [1, 275], [1, 500]];4086.7809211201643;4222.719133189326;[6, 14, 25, 8, 24, 13, 32, 47, 39, 41, 42, 16, 43, 31, 34, 11, 36, 33, 23, 15, 12, 45, 26, 10, 48, 3, 40, 17, 28, 49, 1, 21, 9, 5, 2, 4, 27, 50, 19, 20, 37, 18, 22, 29, 7, 44, 30, 38, 35, 46];19;158;356;10000;200;2;0.2;10;RANKING;0.8;OX;0.2;SHIFT;-1;0.0;true
35;1.5;50;0.5;0.5;11;0;11;100000;[[1, 350], [1, 575], [2, 100], [1, 725], [1, 425], [2, 10], [2, 425], [1, 90], [1, 800], [2, 90], [1, 50], [2, 60], [1, 70], [1, 50], [2, 50], [2, 30], [1, 575], [2, 350], [1, 650], [1, 800], [1, 650], [2, 350], [2, 40], [1, 60], [2, 10], [2, 90], [1, 100], [1, 725], [2, 425], [2, 650], [1, 40], [1, 90], [2, 40], [1, 90], [2, 800], [1, 90], [2, 350], [2, 800], [1, 10], [2, 200], [1, 60], [1, 90], [2, 50], [2, 425], [2, 80], [2, 875], [1, 30], [2, 100], [1, 275], [1, 500]];4086.7809211201643;4266.670905777299;[6, 25, 16, 41, 36, 31, 34, 23, 33, 43, 15, 48, 47, 13, 1, 32, 14, 12, 39, 8, 42, 10, 11, 49, 45, 26, 24, 3, 40, 5, 19, 2, 4, 9, 28, 27, 21, 50, 17, 20, 37, 18, 22, 29, 7, 44, 30, 35, 38, 46];36;274;327;10000;200;2;0.2;10;RANKING;0.8;PMX;0.2;SHIFT;-1;0.0;true
36;1.5;50;0.5;0.5;11;0;11;100000;[[1, 350], [1, 575], [2, 100], [1, 725], [1, 425], [2, 10], [2, 425], [1, 90], [1, 800], [2, 90], [1, 50], [2, 60], [1, 70], [1, 50], [2, 50], [2, 30], [1, 575], [2, 350], [1, 650], [1, 800], [1, 650], [2, 350], [2, 40], [1, 60], [2, 10], [2, 90], [1, 100], [1, 725], [2, 425], [2, 650], [1, 40], [1, 90], [2, 40], [1, 90], [2, 800], [1, 90], [2, 350], [2, 800], [1, 10], [2, 200], [1, 60], [1, 90], [2, 50], [2, 425], [2, 80], [2, 875], [1, 30], [2, 100], [1, 275], [1, 500]];4086.7809211201643;4169.589825990774;[6, 25, 24, 14, 39, 36, 47, 27, 11, 8, 41, 32, 13, 16, 34, 42, 31, 23, 33, 43, 15, 12, 45, 10, 26, 48, 3, 40, 50, 1, 5, 21, 49, 2, 17, 19, 18, 37, 22, 4, 28, 20, 9, 29, 7, 44, 30, 38, 35, 46];505;170;337;10000;200;2;0.2;10;RANKING;0.8;OPX;0.2;SHIFT;-1;0.0;true
37;1.5;50;0.5;0.5;12;0;11;100000;[[2, 20], [2, 100], [2, 40], [1, 20], [1, 90], [2, 30], [1, 500], [1, 200], [1, 60], [2, 650], [2, 575], [1, 40], [1, 275], [2, 575], [1, 650], [2, 800], [1, 200], [2, 425], [1, 575], [1, 425], [2, 800], [2, 425], [1, 100], [2, 575], [2, 500], [1, 875], [2, 575], [2, 40], [2, 650], [2, 575], [2, 275], [1, 500], [2, 275], [2, 20], [1, 275], [2, 60], [1, 575], [2, 725], [1, 20], [1, 275], [1, 70], [2, 70], [2, 500], [1, 350], [1, 100], [2, 500], [1, 80], [1, 875], [1, 725], [2, 70]];11230.320688040789;11539.079098879722;[4, 1, 34, 6, 3, 28, 5, 17, 39, 35, 47, 36, 2, 50, 42, 20, 13, 48, 44, 37, 7, 9, 8, 19, 40, 12, 49, 32, 45, 15, 23, 26, 41, 31, 33, 22, 18, 25, 43, 46, 11, 30, 27, 24, 14, 29, 10, 38, 16, 21];29;267;377;10000;200;2;0.2;10;RANKING;0.8;OX;0.2;SHIFT;-1;0.0;true
38;1.5;50;0.5;0.5;12;0;11;100000;[[2, 20], [2, 100], [2, 40], [1, 20], [1, 90], [2, 30], [1, 500], [1, 200], [1, 60], [2, 650], [2, 575], [1, 40], [1, 275], [2, 575], [1, 650], [2, 800], [1, 200], [2, 425], [1, 575], [1, 425], [2, 800], [2, 425], [1, 100], [2, 575], [2, 500], [1, 875], [2, 575], [2, 40], [2, 650], [2, 575], [2, 275], [1, 500], [2, 275], [2, 20], [1, 275], [2, 60], [1, 575], [2, 725], [1, 20], [1, 275], [1, 70], [2, 70], [2, 500], [1, 350], [1, 100], [2, 500], [1, 80], [1, 875], [1, 725], [2, 70]];11230.320688040789;11484.720864612915;[4, 39, 34, 1, 6, 28, 3, 42, 36, 50, 2, 9, 20, 17, 37, 45, 12, 13, 23, 5, 7, 8, 15, 40, 47, 35, 41, 44, 49, 31, 33, 22, 32, 48, 19, 26, 18, 46, 43, 25, 27, 30, 24, 14, 11, 10, 29, 38, 21, 16];14;115;359;10000;200;2;0.2;10;RANKING;0.8;PMX;0.2;SHIFT;-1;0.0;true
39;1.5;50;0.5;0.5;12;0;11;100000;[[2, 20], [2, 100], [2, 40], [1, 20], [1, 90], [2, 30], [1, 500], [1, 200], [1, 60], [2, 650], [2, 575], [1, 40], [1, 275], [2, 575], [1, 650], [2, 800], [1, 200], [2, 425], [1, 575], [1, 425], [2, 800], [2, 425], [1, 100], [2, 575], [2, 500], [1, 875], [2, 575], [2, 40], [2, 650], [2, 575], [2, 275], [1, 500], [2, 275], [2, 20], [1, 275], [2, 60], [1, 575], [2, 725], [1, 20], [1, 275], [1, 70], [2, 70], [2, 500], [1, 350], [1, 100], [2, 500], [1, 80], [1, 875], [1, 725], [2, 70]];11230.320688040789;11361.954583057577;[4, 12, 39, 34, 1, 6, 3, 28, 41, 17, 5, 45, 47, 9, 23, 36, 42, 50, 2, 35, 44, 13, 8, 40, 20, 32, 15, 31, 33, 37, 49, 26, 19, 7, 48, 18, 22, 43, 25, 46, 27, 24, 14, 11, 30, 10, 29, 38, 21, 16];468;167;314;10000;200;2;0.2;10;RANKING;0.8;OPX;0.2;SHIFT;-1;0.0;true
40;1.5;50;0.5;0.5;13;0;11;100000;[[2, 90], [1, 800], [1, 90], [2, 350], [2, 10], [2, 725], [2, 650], [2, 40], [1, 275], [2, 350], [2, 725], [1, 725], [2, 875], [1, 70], [1, 10], [2, 10], [2, 500], [2, 650], [2, 50], [2, 800], [2, 70], [2, 875], [2, 725], [1, 275], [2, 650], [2, 500], [1, 800], [2, 50], [2, 40], [1, 350], [2, 10], [2, 100], [2, 40], [1, 875], [2, 100], [2, 90], [1, 60], [2, 275], [1, 50], [2, 200], [1, 800], [1, 50], [2, 30], [2, 10], [2, 275], [1, 30], [1, 875], [1, 200], [2, 60], [2, 10]];8353.555271560674;8656.813375377023;[44, 50, 16, 5, 43, 3, 42, 8, 29, 33, 28, 19, 49, 1, 48, 14, 31, 21, 35, 15, 30, 37, 24, 39, 32, 36, 46, 4, 40, 38, 45, 10, 2, 12, 27, 41, 34, 9, 47, 26, 17, 18, 25, 7, 6, 11, 23, 20, 22, 13];10;62;274;10000;200;2;0.2;10;RANKING;0.8;OX;0.2;SHIFT;-1;0.0;true
41;1.5;50;0.5;0.5;13;0;11;100000;[[2, 90], [1, 800], [1, 90], [2, 350], [2, 10], [2, 725], [2, 650], [2, 40], [1, 275], [2, 350], [2, 725], [1, 725], [2, 875], [1, 70], [1, 10], [2, 10], [2, 500], [2, 650], [2, 50], [2, 800], [2, 70], [2, 875], [2, 725], [1, 275], [2, 650], [2, 500], [1, 800], [2, 50], [2, 40], [1, 350], [2, 10], [2, 100], [2, 40], [1, 875], [2, 100], [2, 90], [1, 60], [2, 275], [1, 50], [2, 200], [1, 800], [1, 50], [2, 30], [2, 10], [2, 275], [1, 30], [1, 875], [1, 200], [2, 60], [2, 10]];8353.555271560674;8556.602022664927;[15, 16, 50, 44, 5, 31, 43, 33, 29, 28, 19, 35, 8, 49, 21, 1, 14, 24, 46, 9, 3, 48, 42, 37, 39, 30, 36, 32, 40, 38, 45, 4, 10, 47, 2, 27, 12, 41, 34, 17, 26, 25, 7, 18, 6, 23, 11, 20, 22, 13];10;61;264;10000;200;2;0.2;10;RANKING;0.8;PMX;0.2;SHIFT;-1;0.0;true
42;1.5;50;0.5;0.5;13;0;11;100000;[[2, 90], [1, 800], [1, 90], [2, 350], [2, 10], [2, 725], [2, 650], [2, 40], [1, 275], [2, 350], [2, 725], [1, 725], [2, 875], [1, 70], [1, 10], [2, 10], [2, 500], [2, 650], [2, 50], [2, 800], [2, 70], [2, 875], [2, 725], [1, 275], [2, 650], [2, 500], [1, 800], [2, 50], [2, 40], [1, 350], [2, 10], [2, 100], [2, 40], [1, 875], [2, 100], [2, 90], [1, 60], [2, 275], [1, 50], [2, 200], [1, 800], [1, 50], [2, 30], [2, 10], [2, 275], [1, 30], [1, 875], [1, 200], [2, 60], [2, 10]];8353.555271560674;8441.122511161233;[44, 31, 5, 50, 42, 37, 15, 16, 14, 3, 46, 39, 43, 8, 33, 29, 19, 28, 49, 21, 36, 1, 32, 35, 24, 30, 48, 9, 40, 45, 38, 4, 10, 2, 27, 41, 12, 47, 34, 26, 17, 25, 18, 7, 11, 23, 6, 20, 22, 13];445;113;254;10000;200;2;0.2;10;RANKING;0.8;OPX;0.2;SHIFT;-1;0.0;true
43;1.5;50;0.5;0.5;14;0;11;100000;[[1, 80], [2, 100], [1, 90], [2, 90], [1, 350], [1, 30], [1, 425], [2, 80], [2, 875], [2, 100], [2, 875], [2, 60], [1, 10], [1, 50], [1, 200], [2, 90], [2, 70], [2, 50], [1, 70], [2, 70], [1, 575], [1, 70], [1, 90], [1, 875], [1, 10], [2, 10], [1, 200], [1, 500], [2, 650], [2, 90], [1, 70], [2, 60], [2, 100], [1, 875], [1, 50], [1, 425], [1, 70], [1, 800], [1, 875], [1, 650], [2, 80], [1, 70], [1, 100], [1, 40], [2, 650], [2, 575], [1, 350], [2, 275], [1, 20], [1, 800]];2719.7465162377844;2828.6876201211066;[26, 42, 23, 49, 6, 37, 35, 31, 1, 19, 13, 22, 14, 3, 44, 25, 43, 18, 12, 17, 8, 16, 20, 32, 41, 4, 30, 2, 10, 33, 48, 15, 47, 7, 5, 27, 34, 21, 36, 28, 40, 38, 50, 24, 39, 46, 29, 45, 9, 11];19;101;230;10000;200;2;0.2;10;RANKING;0.8;OX;0.2;SHIFT;-1;0.0;true
44;1.5;50;0.5;0.5;14;0;11;100000;[[1, 80], [2, 100], [1, 90], [2, 90], [1, 350], [1, 30], [1, 425], [2, 80], [2, 875], [2, 100], [2, 875], [2, 60], [1, 10], [1, 50], [1, 200], [2, 90], [2, 70], [2, 50], [1, 70], [2, 70], [1, 575], [1, 70], [1, 90], [1, 875], [1, 10], [2, 10], [1, 200], [1, 500], [2, 650], [2, 90], [1, 70], [2, 60], [2, 100], [1, 875], [1, 50], [1, 425], [1, 70], [1, 800], [1, 875], [1, 650], [2, 80], [1, 70], [1, 100], [1, 40], [2, 650], [2, 575], [1, 350], [2, 275], [1, 20], [1, 800]];2719.7465162377844;2836.2992140885867;[13, 35, 49, 25, 37, 14, 22, 6, 3, 42, 26, 18, 10, 1, 31, 20, 15, 23, 19, 44, 43, 27, 12, 32, 17, 41, 8, 4, 16, 30, 33, 2, 48, 5, 7, 47, 36, 40, 50, 28, 34, 24, 21, 38, 39, 46, 45, 29, 11, 9];39;204;217;10000;200;2;0.2;10;RANKING;0.8;PMX;0.2;SHIFT;-1;0.0;true
45;1.5;50;0.5;0.5;14;0;11;100000;[[1, 80], [2, 100], [1, 90], [2, 90], [1, 350], [1, 30], [1, 425], [2, 80], [2, 875], [2, 100], [2, 875], [2, 60], [1, 10], [1, 50], [1, 200], [2, 90], [2, 70], [2, 50], [1, 70], [2, 70], [1, 575], [1, 70], [1, 90], [1, 875], [1, 10], [2, 10], [1, 200], [1, 500], [2, 650], [2, 90], [1, 70], [2, 60], [2, 100], [1, 875], [1, 50], [1, 425], [1, 70], [1, 800], [1, 875], [1, 650], [2, 80], [1, 70], [1, 100], [1, 40], [2, 650], [2, 575], [1, 350], [2, 275], [1, 20], [1, 800]];2719.7465162377844;2795.8677958705434;[26, 42, 35, 3, 6, 25, 14, 1, 31, 22, 49, 37, 13, 19, 23, 43, 18, 44, 32, 12, 20, 17, 41, 8, 16, 30, 4, 2, 10, 33, 15, 5, 47, 27, 21, 28, 7, 36, 48, 38, 40, 34, 50, 24, 39, 46, 29, 45, 11, 9];213;46;237;10000;200;2;0.2;10;RANKING;0.8;OPX;0.2;SHIFT;-1;0.0;true
46;1.5;50;0.5;0.5;15;0;11;100000;[[2, 800], [1, 30], [2, 350], [2, 80], [1, 90], [2, 20], [2, 875], [1, 650], [2, 70], [1, 425], [2, 875], [1, 20], [1, 100], [1, 100], [1, 350], [2, 425], [2, 60], [2, 50], [2, 575], [1, 20], [2, 350], [2, 350], [2, 350], [1, 80], [2, 10], [2, 90], [1, 875], [2, 650], [2, 575], [1, 60], [1, 650], [1, 425], [2, 875], [2, 500], [2, 425], [1, 10], [1, 10], [1, 275], [1, 725], [1, 725], [1, 60], [2, 800], [1, 500], [1, 200], [2, 350], [2, 500], [1, 875], [2, 80], [2, 650], [1, 575]];13143.99251429357;13439.879872145231;[6, 5, 20, 13, 36, 12, 24, 25, 18, 17, 9, 4, 48, 26, 47, 38, 44, 32, 39, 41, 37, 2, 31, 10, 15, 50, 40, 8, 43, 30, 27, 14, 3, 21, 45, 23, 22, 35, 16, 34, 46, 19, 29, 28, 49, 1, 42, 11, 33, 7];19;165;371;10000;200;2;0.2;10;RANKING;0.8;OX;0.2;SHIFT;-1;0.0;true
47;1.5;50;0.5;0.5;15;0;11;100000;[[2, 800], [1, 30], [2, 350], [2, 80], [1, 90], [2, 20], [2, 875], [1, 650], [2, 70], [1, 425], [2, 875], [1, 20], [1, 100], [1, 100], [1, 350], [2, 425], [2, 60], [2, 50], [2, 575], [1, 20], [2, 350], [2, 350], [2, 350], [1, 80], [2, 10], [2, 90], [1, 875], [2, 650], [2, 575], [1, 60], [1, 650], [1, 425], [2, 875], [2, 500], [2, 425], [1, 10], [1, 10], [1, 275], [1, 725], [1, 725], [1, 60], [2, 800], [1, 500], [1, 200], [2, 350], [2, 500], [1, 875], [2, 80], [2, 650], [1, 575]];13143.99251429357;13441.03179001667;[12, 41, 25, 37, 6, 17, 18, 9, 2, 48, 26, 4, 24, 32, 5, 44, 15, 50, 14, 20, 27, 40, 43, 38, 10, 36, 39, 31, 13, 8, 47, 30, 21, 23, 45, 22, 3, 35, 16, 46, 34, 29, 19, 28, 49, 1, 42, 7, 33, 11];42;319;319;10000;200;2;0.2;10;RANKING;0.8;PMX;0.2;SHIFT;-1;0.0;true
48;1.5;50;0.5;0.5;15;0;11;100000;[[2, 800], [1, 30], [2, 350], [2, 80], [1, 90], [2, 20], [2, 875], [1, 650], [2, 70], [1, 425], [2, 875], [1, 20], [1, 100], [1, 100], [1, 350], [2, 425], [2, 60], [2, 50], [2, 575], [1, 20], [2, 350], [2, 350], [2, 350], [1, 80], [2, 10], [2, 90], [1, 875], [2, 650], [2, 575], [1, 60], [1, 650], [1, 425], [2, 875], [2, 500], [2, 425], [1, 10], [1, 10], [1, 275], [1, 725], [1, 725], [1, 60], [2, 800], [1, 500], [1, 200], [2, 350], [2, 500], [1, 875], [2, 80], [2, 650], [1, 575]];13143.99251429357;13318.728814616268;[25, 30, 12, 36, 20, 2, 6, 18, 17, 9, 48, 4, 26, 44, 13, 24, 5, 37, 15, 41, 10, 32, 50, 14, 8, 43, 38, 39, 21, 45, 22, 23, 3, 40, 31, 27, 47, 16, 35, 34, 46, 29, 19, 28, 49, 42, 1, 7, 33, 11];944;315;334;10000;200;2;0.2;10;RANKING;0.8;OPX;0.2;SHIFT;-1;0.0;true
49;1.5;50;0.5;0.5;16;0;11;100000;[[2, 575], [2, 10], [1, 575], [2, 30], [2, 275], [2, 425], [1, 10], [2, 200], [1, 650], [1, 500], [1, 40], [1, 10], [1, 650], [1, 425], [2, 425], [2, 100], [1, 875], [1, 30], [2, 70], [1, 100], [2, 100], [2, 10], [1, 40], [1, 10], [1, 200], [1, 425], [1, 275], [1, 70], [2, 80], [1, 20], [2, 875], [2, 80], [2, 275], [1, 90], [2, 350], [2, 425], [1, 10], [1, 90], [1, 875], [1, 100], [1, 200], [1, 800], [2, 200], [2, 575], [1, 875], [1, 100], [2, 80], [1, 90], [1, 425], [1, 875]];3751.778809703108;3956.6250373342414;[22, 2, 37, 38, 18, 34, 48, 40, 24, 23, 28, 7, 11, 30, 46, 4, 19, 29, 32, 16, 21, 25, 20, 41, 12, 26, 49, 39, 3, 10, 14, 27, 47, 8, 43, 5, 33, 35, 42, 9, 45, 17, 13, 50, 15, 36, 6, 44, 1, 31];37;298;345;10000;200;2;0.2;10;RANKING;0.8;OX;0.2;SHIFT;-1;0.0;true
50;1.5;50;0.5;0.5;16;0;11;100000;[[2, 575], [2, 10], [1, 575], [2, 30], [2, 275], [2, 425], [1, 10], [2, 200], [1, 650], [1, 500], [1, 40], [1, 10], [1, 650], [1, 425], [2, 425], [2, 100], [1, 875], [1, 30], [2, 70], [1, 100], [2, 100], [2, 10], [1, 40], [1, 10], [1, 200], [1, 425], [1, 275], [1, 70], [2, 80], [1, 20], [2, 875], [2, 80], [2, 275], [1, 90], [2, 350], [2, 425], [1, 10], [1, 90], [1, 875], [1, 100], [1, 200], [1, 800], [2, 200], [2, 575], [1, 875], [1, 100], [2, 80], [1, 90], [1, 425], [1, 875]];3751.778809703108;3926.6861079160726;[34, 11, 12, 2, 18, 38, 28, 48, 23, 27, 24, 30, 40, 41, 37, 19, 46, 25, 20, 7, 22, 4, 47, 32, 16, 29, 21, 43, 8, 5, 33, 26, 49, 45, 10, 14, 13, 3, 39, 50, 42, 9, 17, 35, 6, 15, 36, 1, 44, 31];41;284;290;10000;200;2;0.2;10;RANKING;0.8;PMX;0.2;SHIFT;-1;0.0;true
51;1.5;50;0.5;0.5;16;0;11;100000;[[2, 575], [2, 10], [1, 575], [2, 30], [2, 275], [2, 425], [1, 10], [2, 200], [1, 650], [1, 500], [1, 40], [1, 10], [1, 650], [1, 425], [2, 425], [2, 100], [1, 875], [1, 30], [2, 70], [1, 100], [2, 100], [2, 10], [1, 40], [1, 10], [1, 200], [1, 425], [1, 275], [1, 70], [2, 80], [1, 20], [2, 875], [2, 80], [2, 275], [1, 90], [2, 350], [2, 425], [1, 10], [1, 90], [1, 875], [1, 100], [1, 200], [1, 800], [2, 200], [2, 575], [1, 875], [1, 100], [2, 80], [1, 90], [1, 425], [1, 875]];3751.778809703108;3861.9689727757996;[2, 22, 37, 18, 34, 46, 11, 23, 24, 12, 7, 38, 48, 28, 30, 40, 4, 19, 47, 29, 32, 25, 41, 20, 27, 21, 16, 8, 43, 10, 26, 14, 9, 49, 3, 33, 5, 35, 39, 50, 42, 13, 45, 17, 6, 36, 15, 1, 44, 31];514;160;306;10000;200;2;0.2;10;RANKING;0.8;OPX;0.2;SHIFT;-1;0.0;true
52;1.5;50;0.5;0.5;17;0;11;100000;[[1, 10], [2, 425], [2, 20], [2, 500], [2, 90], [2, 70], [1, 275], [1, 100], [1, 100], [1, 80], [1, 100], [2, 500], [1, 80], [2, 20], [1, 80], [1, 100], [1, 875], [2, 10], [2, 10], [1, 50], [1, 60], [2, 100], [2, 275], [2, 275], [1, 350], [2, 875], [1, 650], [1, 90], [1, 200], [2, 100], [2, 275], [1, 50], [1, 20], [1, 875], [2, 350], [1, 100], [1, 575], [1, 40], [1, 725], [1, 10], [2, 875], [2, 575], [1, 500], [2, 200], [2, 40], [2, 10], [1, 200], [2, 500], [1, 650], [1, 30]];3020.2834003219937;3172.564946720351;[18, 19, 46, 36, 20, 3, 10, 33, 15, 38, 14, 45, 29, 32, 16, 21, 40, 13, 28, 50, 1, 9, 6, 5, 22, 30, 44, 34, 43, 11, 25, 7, 39, 47, 37, 49, 27, 17, 8, 31, 23, 24, 35, 2, 48, 12, 4, 42, 26, 41];37;301;347;10000;200;2;0.2;10;RANKING;0.8;OX;0.2;SHIFT;-1;0.0;true
53;1.5;50;0.5;0.5;17;0;11;100000;[[1, 10], [2, 425], [2, 20], [2, 500], [2, 90], [2, 70], [1, 275], [1, 100], [1, 100], [1, 80], [1, 100], [2, 500], [1, 80], [2, 20], [1, 80], [1, 100], [1, 875], [2, 10], [2, 10], [1, 50], [1, 60], [2, 100], [2, 275], [2, 275], [1, 350], [2, 875], [1, 650], [1, 90], [1, 200], [2, 100], [2, 275], [1, 50], [1, 20], [1, 875], [2, 350], [1, 100], [1, 575], [1, 40], [1, 725], [1, 10], [2, 875], [2, 575], [1, 500], [2, 200], [2, 40], [2, 10], [1, 200], [2, 500], [1, 650], [1, 30]];3020.2834003219937;3164.7258586010676;[19, 18, 46, 21, 40, 14, 3, 45, 38, 16, 20, 1, 13, 22, 36, 50, 47, 33, 15, 32, 28, 9, 10, 11, 29, 6, 5, 30, 44, 24, 23, 27, 43, 17, 7, 39, 49, 25, 37, 8, 34, 31, 35, 2, 12, 4, 48, 42, 41, 26];18;148;330;10000;200;2;0.2;10;RANKING;0.8;PMX;0.2;SHIFT;-1;0.0;true
54;1.5;50;0.5;0.5;17;0;11;100000;[[1, 10], [2, 425], [2, 20], [2, 500], [2, 90], [2, 70], [1, 275], [1, 100], [1, 100], [1, 80], [1, 100], [2, 500], [1, 80], [2, 20], [1, 80], [1, 100], [1, 875], [2, 10], [2, 10], [1, 50], [1, 60], [2, 100], [2, 275], [2, 275], [1, 350], [2, 875], [1, 650], [1, 90], [1, 200], [2, 100], [2, 275], [1, 50], [1, 20], [1, 875], [2, 350], [1, 100], [1, 575], [1, 40], [1, 725], [1, 10], [2, 875], [2, 575], [1, 500], [2, 200], [2, 40], [2, 10], [1, 200], [2, 500], [1, 650], [1, 30]];3020.2834003219937;3085.870629117747;[18, 46, 19, 3, 14, 21, 16, 20, 50, 28, 1, 33, 40, 32, 38, 10, 11, 45, 9, 36, 13, 15, 6, 5, 30, 22, 8, 29, 47, 25, 7, 43, 44, 23, 31, 24, 35, 27, 37, 39, 49, 17, 34, 2, 12, 4, 48, 42, 26, 41];548;170;295;10000;200;2;0.2;10;RANKING;0.8;OPX;0.2;SHIFT;-1;0.0;true
55;1.5;50;0.5;0.5;18;0;11;100000;[[1, 500], [1, 875], [1, 500], [2, 10], [2, 60], [1, 10], [2, 425], [2, 800], [2, 50], [2, 275], [1, 650], [2, 90], [1, 350], [2, 500], [2, 70], [1, 200], [2, 200], [1, 30], [2, 875], [2, 70], [2, 650], [1, 800], [2, 650], [2, 10], [1, 275], [1, 500], [2, 30], [2, 725], [1, 200], [2, 100], [1, 350], [2, 650], [2, 425], [1, 200], [1, 80], [1, 50], [1, 725], [1, 275], [2, 200], [1, 90], [2, 500], [1, 275], [2, 60], [2, 100], [1, 275], [1, 20], [1, 275], [1, 575], [1, 50], [2, 40]];6096.986002207948;6329.305495662425;[24, 50, 49, 18, 4, 27, 5, 43, 15, 20, 47, 40, 36, 46, 25, 35, 9, 12, 31, 16, 29, 38, 34, 6, 13, 44, 30, 17, 37, 45, 42, 48, 39, 10, 3, 2, 1, 11, 26, 22, 7, 33, 41, 14, 23, 21, 32, 28, 8, 19];28;233;363;10000;200;2;0.2;10;RANKING;0.8;OX;0.2;SHIFT;-1;0.0;true
56;1.5;50;0.5;0.5;18;0;11;100000;[[1, 500], [1, 875], [1, 500], [2, 10], [2, 60], [1, 10], [2, 425], [2, 800], [2, 50], [2, 275], [1, 650], [2, 90], [1, 350], [2, 500], [2, 70], [1, 200], [2, 200], [1, 30], [2, 875], [2, 70], [2, 650], [1, 800], [2, 650], [2, 10], [1, 275], [1, 500], [2, 30], [2, 725], [1, 200], [2, 100], [1, 350], [2, 650], [2, 425], [1, 200], [1, 80], [1, 50], [1, 725], [1, 275], [2, 200], [1, 90], [2, 500], [1, 275], [2, 60], [2, 100], [1, 275], [1, 20], [1, 275], [1, 575], [1, 50], [2, 40]];6096.986002207948;6300.001559519667;[4, 24, 36, 35, 18, 27, 50, 44, 46, 6, 9, 43, 5, 15, 20, 12, 30, 29, 49, 45, 38, 3, 40, 34, 25, 47, 31, 16, 13, 26, 37, 17, 39, 10, 1, 48, 22, 11, 42, 2, 33, 7, 14, 41, 32, 21, 23, 28, 8, 19];1;19;340;10000;200;2;0.2;10;RANKING;0.8;PMX;0.2;SHIFT;-1;0.0;true
57;1.5;50;0.5;0.5;18;0;11;100000;[[1, 500], [1, 875], [1, 500], [2, 10], [2, 60], [1, 10], [2, 425], [2, 800], [2, 50], [2, 275], [1, 650], [2, 90], [1, 350], [2, 500], [2, 70], [1, 200], [2, 200], [1, 30], [2, 875], [2, 70], [2, 650], [1, 800], [2, 650], [2, 10], [1, 275], [1, 500], [2, 30], [2, 725], [1, 200], [2, 100], [1, 350], [2, 650], [2, 425], [1, 200], [1, 80], [1, 50], [1, 725], [1, 275], [2, 200], [1, 90], [2, 500], [1, 275], [2, 60], [2, 100], [1, 275], [1, 20], [1, 275], [1, 575], [1, 50], [2, 40]];6096.986002207948;6210.366831378341;[4, 24, 35, 18, 6, 36, 49, 46, 40, 27, 50, 9, 43, 5, 15, 20, 12, 44, 30, 34, 16, 29, 45, 42, 38, 25, 31, 47, 11, 1, 13, 17, 39, 10, 37, 26, 3, 2, 22, 48, 33, 7, 14, 41, 21, 23, 32, 28, 8, 19];361;114;315;10000;200;2;0.2;10;RANKING;0.8;OPX;0.2;SHIFT;-1;0.0;true
58;1.5;50;0.5;0.5;19;0;11;100000;[[2, 70], [1, 10], [1, 100], [1, 575], [1, 90], [1, 60], [2, 50], [2, 90], [1, 90], [2, 275], [1, 650], [2, 500], [2, 50], [1, 90], [1, 10], [2, 10], [2, 275], [1, 650], [2, 350], [1, 40], [1, 500], [1, 80], [2, 90], [1, 30], [1, 875], [2, 800], [2, 650], [1, 350], [1, 275], [1, 40], [2, 20], [2, 350], [1, 30], [1, 575], [1, 60], [1, 575], [2, 800], [2, 275], [2, 90], [1, 575], [2, 200], [1, 30], [2, 350], [2, 20], [1, 575], [2, 40], [1, 40], [2, 60], [2, 100], [2, 70]];2689.4669401447854;2813.8003205980654;[6, 30, 16, 31, 44, 35, 2, 7, 3, 29, 5, 42, 22, 20, 13, 24, 46, 39, 14, 33, 15, 9, 48, 47, 50, 1, 23, 8, 49, 41, 10, 17, 38, 11, 28, 45, 18, 4, 34, 21, 40, 25, 36, 19, 43, 32, 12, 27, 37, 26];10;77;320;10000;200;2;0.2;10;RANKING;0.8;OX;0.2;SHIFT;-1;0.0;true
59;1.5;50;0.5;0.5;19;0;11;100000;[[2, 70], [1, 10], [1, 100], [1, 575], [1, 90], [1, 60], [2, 50], [2, 90], [1, 90], [2, 275], [1, 650], [2, 500], [2, 50], [1, 90], [1, 10], [2, 10], [2, 275], [1, 650], [2, 350], [1, 40], [1, 500], [1, 80], [2, 90], [1, 30], [1, 875], [2, 800], [2, 650], [1, 350], [1, 275], [1, 40], [2, 20], [2, 350], [1, 30], [1, 575], [1, 60], [1, 575], [2, 800], [2, 275], [2, 90], [1, 575], [2, 200], [1, 30], [2, 350], [2, 20], [1, 575], [2, 40], [1, 40], [2, 60], [2, 100], [2, 70]];2689.4669401447854;2817.3095494021873;[5, 42, 2, 16, 44, 46, 48, 13, 20, 33, 22, 15, 35, 9, 1, 31, 14, 30, 3, 47, 6, 24, 7, 50, 39, 23, 8, 49, 41, 10, 38, 17, 21, 28, 4, 40, 29, 18, 34, 11, 36, 25, 45, 43, 32, 19, 12, 27, 37, 26];42;279;279;10000;200;2;0.2;10;RANKING;0.8;PMX;0.2;SHIFT;-1;0.0;true
60;1.5;50;0.5;0.5;19;0;11;100000;[[2, 70], [1, 10], [1, 100], [1, 575], [1, 90], [1, 60], [2, 50], [2, 90], [1, 90], [2, 275], [1, 650], [2, 500], [2, 50], [1, 90], [1, 10], [2, 10], [2, 275], [1, 650], [2, 350], [1, 40], [1, 500], [1, 80], [2, 90], [1, 30], [1, 875], [2, 800], [2, 650], [1, 350], [1, 275], [1, 40], [2, 20], [2, 350], [1, 30], [1, 575], [1, 60], [1, 575], [2, 800], [2, 275], [2, 90], [1, 575], [2, 200], [1, 30], [2, 350], [2, 20], [1, 575], [2, 40], [1, 40], [2, 60], [2, 100], [2, 70]];2689.4669401447854;2764.505398900068;[16, 2, 20, 6, 24, 44, 31, 22, 42, 33, 14, 5, 9, 15, 30, 47, 35, 3, 46, 7, 13, 48, 1, 50, 8, 39, 23, 49, 41, 28, 29, 36, 10, 38, 17, 40, 21, 45, 4, 34, 18, 25, 11, 32, 43, 19, 12, 27, 26, 37];731;175;248;10000;200;2;0.2;10;RANKING;0.8;OPX;0.2;SHIFT;-1;0.0;true
61;1.5;50;0.5;0.5;20;0;11;100000;[[1, 60], [2, 425], [1, 70], [2, 500], [2, 10], [1, 10], [1, 80], [2, 60], [2, 800], [2, 50], [2, 650], [1, 425], [2, 50], [1, 275], [2, 80], [1, 275], [2, 575], [2, 20], [1, 20], [2, 275], [1, 90], [2, 575], [2, 80], [2, 10], [2, 425], [1, 650], [1, 725], [1, 875], [1, 60], [1, 350], [2, 725], [2, 875], [2, 500], [2, 350], [1, 10], [2, 200], [2, 70], [1, 875], [1, 30], [1, 200], [2, 725], [2, 800], [1, 725], [1, 575], [1, 60], [2, 80], [1, 100], [1, 40], [2, 725], [1, 50]];8165.387237154444;8370.714392783872;[5, 24, 18, 7, 19, 47, 1, 35, 39, 50, 6, 48, 8, 29, 45, 10, 13, 37, 15, 23, 46, 36, 26, 43, 27, 12, 40, 44, 38, 3, 16, 30, 21, 14, 28, 20, 34, 2, 25, 4, 33, 17, 22, 11, 49, 41, 31, 42, 9, 32];10;75;332;10000;200;2;0.2;10;RANKING;0.8;OX;0.2;SHIFT;-1;0.0;true
62;1.5;50;0.5;0.5;20;0;11;100000;[[1, 60], [2, 425], [1, 70], [2, 500], [2, 10], [1, 10], [1, 80], [2, 60], [2, 800], [2, 50], [2, 650], [1, 425], [2, 50], [1, 275], [2, 80], [1, 275], [2, 575], [2, 20], [1, 20], [2, 275], [1, 90], [2, 575], [2, 80], [2, 10], [2, 425], [1, 650], [1, 725], [1, 875], [1, 60], [1, 350], [2, 725], [2, 875], [2, 500], [2, 350], [1, 10], [2, 200], [2, 70], [1, 875], [1, 30], [1, 200], [2, 725], [2, 800], [1, 725], [1, 575], [1, 60], [2, 80], [1, 100], [1, 40], [2, 725], [1, 50]];8165.387237154444;8369.051376375679;[5, 35, 39, 24, 18, 21, 40, 45, 7, 48, 29, 50, 10, 13, 8, 37, 15, 23, 46, 36, 12, 47, 1, 30, 16, 19, 26, 28, 3, 43, 14, 27, 44, 6, 38, 20, 34, 25, 2, 4, 33, 17, 22, 11, 49, 31, 41, 42, 9, 32];42;231;231;10000;200;2;0.2;10;RANKING;0.8;PMX;0.2;SHIFT;-1;0.0;true
63;1.5;50;0.5;0.5;20;0;11;100000;[[1, 60], [2, 425], [1, 70], [2, 500], [2, 10], [1, 10], [1, 80], [2, 60], [2, 800], [2, 50], [2, 650], [1, 425], [2, 50], [1, 275], [2, 80], [1, 275], [2, 575], [2, 20], [1, 20], [2, 275], [1, 90], [2, 575], [2, 80], [2, 10], [2, 425], [1, 650], [1, 725], [1, 875], [1, 60], [1, 350], [2, 725], [2, 875], [2, 500], [2, 350], [1, 10], [2, 200], [2, 70], [1, 875], [1, 30], [1, 200], [2, 725], [2, 800], [1, 725], [1, 575], [1, 60], [2, 80], [1, 100], [1, 40], [2, 725], [1, 50]];8165.387237154444;8271.831987979036;[35, 19, 6, 24, 5, 18, 40, 45, 29, 1, 48, 7, 50, 3, 39, 47, 21, 13, 10, 8, 37, 23, 46, 15, 16, 14, 36, 27, 30, 12, 44, 20, 34, 38, 26, 43, 28, 2, 25, 4, 33, 22, 17, 11, 49, 31, 41, 9, 42, 32];509;123;236;10000;200;2;0.2;10;RANKING;0.8;OPX;0.2;SHIFT;-1;0.0;true
64;1.5;50;0.5;0.5;21;0;11;100000;[[2, 90], [2, 575], [1, 350], [1, 40], [2, 40], [1, 725], [2, 70], [2, 875], [2, 425], [2, 90], [1, 30], [1, 80], [1, 875], [2, 425], [1, 50], [2, 650], [1, 90], [1, 800], [2, 50], [1, 500], [1, 275], [1, 425], [2, 20], [2, 200], [2, 40], [1, 80], [2, 10], [1, 575], [2, 10], [1, 10], [2, 80], [2, 10], [2, 275], [2, 200], [2, 90], [2, 50], [2, 575], [2, 60], [1, 50], [1, 200], [2, 725], [2, 90], [2, 100], [1, 275], [1, 10], [1, 425], [1, 200], [2, 800], [1, 80], [2, 725]];3876.6197539817313;4032.950330815313;[27, 4, 39, 11, 30, 45, 29, 23, 36, 32, 5, 19, 7, 25, 38, 31, 1, 15, 49, 46, 26, 3, 17, 12, 42, 43, 35, 10, 34, 24, 40, 28, 6, 21, 22, 18, 47, 20, 44, 13, 33, 14, 9, 2, 37, 16, 50, 41, 48, 8];36;226;258;10000;200;2;0.2;10;RANKING;0.8;OX;0.2;SHIFT;-1;0.0;true
65;1.5;50;0.5;0.5;21;0;11;100000;[[2, 90], [2, 575], [1, 350], [1, 40], [2, 40], [1, 725], [2, 70], [2, 875], [2, 425], [2, 90], [1, 30], [1, 80], [1, 875], [2, 425], [1, 50], [2, 650], [1, 90], [1, 800], [2, 50], [1, 500], [1, 275], [1, 425], [2, 20], [2, 200], [2, 40], [1, 80], [2, 10], [1, 575], [2, 10], [1, 10], [2, 80], [2, 10], [2, 275], [2, 200], [2, 90], [2, 50], [2, 575], [2, 60], [1, 50], [1, 200], [2, 725], [2, 90], [2, 100], [1, 275], [1, 10], [1, 425], [1, 200], [2, 800], [1, 80], [2, 725]];3876.6197539817313;3995.7476561789476;[29, 27, 26, 11, 45, 39, 15, 30, 17, 4, 23, 5, 25, 19, 36, 1, 7, 43, 32, 31, 38, 10, 42, 35, 22, 3, 44, 40, 46, 47, 49, 28, 12, 21, 24, 34, 33, 6, 20, 18, 13, 9, 14, 37, 2, 16, 50, 41, 48, 8];41;256;261;10000;200;2;0.2;10;RANKING;0.8;PMX;0.2;SHIFT;-1;0.0;true
66;1.5;50;0.5;0.5;21;0;11;100000;[[2, 90], [2, 575], [1, 350], [1, 40], [2, 40], [1, 725], [2, 70], [2, 875], [2, 425], [2, 90], [1, 30], [1, 80], [1, 875], [2, 425], [1, 50], [2, 650], [1, 90], [1, 800], [2, 50], [1, 500], [1, 275], [1, 425], [2, 20], [2, 200], [2, 40], [1, 80], [2, 10], [1, 575], [2, 10], [1, 10], [2, 80], [2, 10], [2, 275], [2, 200], [2, 90], [2, 50], [2, 575], [2, 60], [1, 50], [1, 200], [2, 725], [2, 90], [2, 100], [1, 275], [1, 10], [1, 425], [1, 200], [2, 800], [1, 80], [2, 725]];3876.6197539817313;3935.297548576527;[45, 30, 29, 27, 32, 23, 4, 11, 12, 26, 49, 17, 39, 15, 25, 5, 36, 19, 38, 7, 31, 42, 10, 35, 1, 43, 47, 40, 21, 44, 34, 24, 46, 3, 20, 22, 33, 6, 28, 18, 13, 14, 9, 37, 2, 16, 41, 50, 48, 8];979;384;393;10000;200;2;0.2;10;RANKING;0.8;OPX;0.2;SHIFT;-1;0.0;true
67;1.5;50;0.5;0.5;22;0;11;100000;[[1, 875], [1, 10], [1, 575], [1, 70], [1, 425], [1, 200], [2, 575], [1, 725], [2, 10], [1, 575], [2, 80], [1, 20], [1, 500], [2, 200], [2, 90], [2, 80], [2, 60], [2, 60], [2, 650], [1, 100], [1, 875], [1, 575], [1, 90], [1, 575], [1, 90], [2, 30], [2, 80], [1, 875], [1, 30], [2, 800], [2, 10], [2, 80], [1, 30], [1, 20], [2, 60], [1, 800], [1, 70], [1, 40], [2, 80], [2, 800], [2, 100], [2, 425], [1, 10], [2, 575], [2, 90], [2, 200], [1, 500], [1, 30], [2, 275], [1, 425]];3593.7471744163026;3755.3193148654564;[29, 2, 9, 31, 37, 34, 48, 26, 41, 4, 25, 20, 38, 23, 12, 18, 16, 33, 45, 43, 35, 39, 32, 11, 27, 15, 14, 17, 47, 5, 13, 10, 46, 24, 50, 8, 6, 49, 22, 28, 3, 36, 1, 21, 42, 44, 7, 19, 40, 30];37;248;280;10000;200;2;0.2;10;RANKING;0.8;OX;0.2;SHIFT;-1;0.0;true
68;1.5;50;0.5;0.5;22;0;11;100000;[[1, 875], [1, 10], [1, 575], [1, 70], [1, 425], [1, 200], [2, 575], [1, 725], [2, 10], [1, 575], [2, 80], [1, 20], [1, 500], [2, 200], [2, 90], [2, 80], [2, 60], [2, 60], [2, 650], [1, 100], [1, 875], [1, 575], [1, 90], [1, 575], [1, 90], [2, 30], [2, 80], [1, 875], [1, 30], [2, 800], [2, 10], [2, 80], [1, 30], [1, 20], [2, 60], [1, 800], [1, 70], [1, 40], [2, 80], [2, 800], [2, 100], [2, 425], [1, 10], [2, 575], [2, 90], [2, 200], [1, 500], [1, 30], [2, 275], [1, 425]];3593.7471744163026;3760.3741055849982;[31, 23, 34, 43, 12, 33, 25, 9, 26, 18, 29, 20, 38, 4, 2, 48, 17, 35, 27, 11, 39, 32, 16, 15, 45, 41, 46, 14, 49, 5, 24, 47, 3, 21, 22, 50, 37, 13, 28, 6, 10, 8, 36, 1, 42, 44, 7, 19, 40, 30];24;127;218;10000;200;2;0.2;10;RANKING;0.8;PMX;0.2;SHIFT;-1;0.0;true
69;1.5;50;0.5;0.5;22;0;11;100000;[[1, 875], [1, 10], [1, 575], [1, 70], [1, 425], [1, 200], [2, 575], [1, 725], [2, 10], [1, 575], [2, 80], [1, 20], [1, 500], [2, 200], [2, 90], [2, 80], [2, 60], [2, 60], [2, 650], [1, 100], [1, 875], [1, 575], [1, 90], [1, 575], [1, 90], [2, 30], [2, 80], [1, 875], [1, 30], [2, 800], [2, 10], [2, 80], [1, 30], [1, 20], [2, 60], [1, 800], [1, 70], [1, 40], [2, 80], [2, 800], [2, 100], [2, 425], [1, 10], [2, 575], [2, 90], [2, 200], [1, 500], [1, 30], [2, 275], [1, 425]];3593.7471744163026;3705.891698708097;[31, 9, 37, 34, 26, 38, 33, 25, 29, 23, 2, 12, 48, 4, 20, 17, 18, 35, 16, 39, 27, 11, 32, 45, 15, 43, 41, 46, 14, 49, 5, 47, 22, 6, 50, 13, 3, 10, 8, 28, 21, 36, 24, 1, 42, 44, 7, 19, 30, 40];851;177;207;10000;200;2;0.2;10;RANKING;0.8;OPX;0.2;SHIFT;-1;0.0;true
70;1.5;50;0.5;0.5;23;0;11;100000;[[2, 30], [2, 20], [1, 575], [1, 800], [1, 500], [2, 60], [2, 275], [2, 80], [1, 200], [2, 10], [2, 800], [2, 575], [2, 80], [1, 10], [2, 350], [2, 725], [1, 275], [2, 70], [2, 40], [1, 500], [1, 50], [2, 350], [1, 50], [2, 20], [2, 100], [1, 425], [2, 10], [2, 50], [2, 650], [1, 60], [2, 200], [1, 70], [2, 50], [1, 50], [1, 875], [1, 650], [1, 275], [1, 80], [1, 40], [1, 875], [2, 500], [1, 500], [1, 800], [1, 90], [2, 425], [2, 425], [1, 50], [2, 725], [1, 575], [2, 80]];4929.08230201681;5168.803026707114;[38, 23, 2, 34, 47, 39, 21, 10, 27, 24, 1, 33, 28, 6, 18, 50, 8, 13, 25, 7, 19, 20, 26, 37, 9, 17, 30, 5, 32, 31, 22, 44, 15, 49, 14, 40, 3, 4, 42, 36, 43, 35, 45, 46, 41, 12, 29, 16, 48, 11];38;235;256;10000;200;2;0.2;10;RANKING;0.8;OX;0.2;SHIFT;-1;0.0;true
71;1.5;50;0.5;0.5;23;0;11;100000;[[2, 30], [2, 20], [1, 575], [1, 800], [1, 500], [2, 60], [2, 275], [2, 80], [1, 200], [2, 10], [2, 800], [2, 575], [2, 80], [1, 10], [2, 350], [2, 725], [1, 275], [2, 70], [2, 40], [1, 500], [1, 50], [2, 350], [1, 50], [2, 20], [2, 100], [1, 425], [2, 10], [2, 50], [2, 650], [1, 60], [2, 200], [1, 70], [2, 50], [1, 50], [1, 875], [1, 650], [1, 275], [1, 80], [1, 40], [1, 875], [2, 500], [1, 500], [1, 800], [1, 90], [2, 425], [2, 425], [1, 50], [2, 725], [1, 575], [2, 80]];4929.08230201681;5126.675115533438;[27, 10, 24, 34, 21, 2, 1, 19, 28, 33, 39, 38, 47, 9, 17, 14, 32, 30, 23, 44, 6, 18, 13, 50, 8, 25, 31, 15, 5, 4, 37, 20, 3, 42, 26, 40, 7, 35, 36, 49, 43, 22, 46, 45, 41, 12, 29, 48, 16, 11];11;72;236;10000;200;2;0.2;10;RANKING;0.8;PMX;0.2;SHIFT;-1;0.0;true
72;1.5;50;0.5;0.5;23;0;11;100000;[[2, 30], [2, 20], [1, 575], [1, 800], [1, 500], [2, 60], [2, 275], [2, 80], [1, 200], [2, 10], [2, 800], [2, 575], [2, 80], [1, 10], [2, 350], [2, 725], [1, 275], [2, 70], [2, 40], [1, 500], [1, 50], [2, 350], [1, 50], [2, 20], [2, 100], [1, 425], [2, 10], [2, 50], [2, 650], [1, 60], [2, 200], [1, 70], [2, 50], [1, 50], [1, 875], [1, 650], [1, 275], [1, 80], [1, 40], [1, 875], [2, 500], [1, 500], [1, 800], [1, 90], [2, 425], [2, 425], [1, 50], [2, 725], [1, 575], [2, 80]];4929.08230201681;5042.239344497298;[10, 27, 24, 2, 32, 30, 23, 14, 21, 47, 39, 34, 38, 1, 19, 33, 28, 6, 18, 50, 8, 13, 25, 9, 37, 44, 17, 26, 31, 7, 20, 5, 3, 40, 36, 49, 42, 43, 22, 15, 35, 4, 45, 46, 41, 12, 29, 48, 16, 11];786;186;240;10000;200;2;0.2;10;RANKING;0.8;OPX;0.2;SHIFT;-1;0.0;true
73;1.5;50;0.5;0.5;24;0;11;100000;[[2, 100], [2, 60], [1, 650], [1, 100], [1, 725], [2, 70], [1, 575], [2, 90], [1, 425], [2, 20], [2, 650], [1, 60], [2, 90], [1, 40], [1, 60], [1, 100], [2, 10], [1, 350], [1, 60], [2, 725], [2, 80], [1, 800], [1, 70], [2, 90], [2, 10], [1, 725], [1, 275], [2, 500], [2, 70], [2, 60], [1, 40], [2, 200], [1, 425], [1, 275], [2, 875], [2, 60], [1, 40], [1, 60], [2, 30], [2, 275], [1, 575], [2, 275], [2, 60], [1, 70], [2, 100], [2, 275], [2, 90], [2, 60], [2, 70], [2, 200]];2126.9637620509725;2237.382579553203;[17, 25, 10, 39, 44, 16, 19, 38, 31, 15, 23, 12, 43, 27, 4, 36, 48, 30, 6, 29, 2, 24, 49, 21, 37, 13, 8, 47, 45, 1, 32, 50, 42, 33, 34, 18, 7, 26, 9, 46, 22, 41, 14, 3, 5, 40, 28, 11, 20, 35];10;59;255;10000;200;2;0.2;10;RANKING;0.8;OX;0.2;SHIFT;-1;0.0;true
74;1.5;50;0.5;0.5;24;0;11;100000;[[2, 100], [2, 60], [1, 650], [1, 100], [1, 725], [2, 70], [1, 575], [2, 90], [1, 425], [2, 20], [2, 650], [1, 60], [2, 90], [1, 40], [1, 60], [1, 100], [2, 10], [1, 350], [1, 60], [2, 725], [2, 80], [1, 800], [1, 70], [2, 90], [2, 10], [1, 725], [1, 275], [2, 500], [2, 70], [2, 60], [1, 40], [2, 200], [1, 425], [1, 275], [2, 875], [2, 60], [1, 40], [1, 60], [2, 30], [2, 275], [1, 575], [2, 275], [2, 60], [1, 70], [2, 100], [2, 275], [2, 90], [2, 60], [2, 70], [2, 200]];2126.9637620509725;2237.984810046505;[17, 25, 10, 39, 37, 19, 12, 31, 16, 38, 23, 14, 44, 15, 2, 43, 48, 49, 29, 30, 6, 13, 36, 21, 24, 47, 8, 1, 45, 32, 50, 33, 34, 41, 3, 27, 5, 9, 18, 26, 7, 4, 22, 46, 42, 40, 28, 11, 20, 35];35;190;233;10000;200;2;0.2;10;RANKING;0.8;PMX;0.2;SHIFT;-1;0.0;true
75;1.5;50;0.5;0.5;24;0;11;100000;[[2, 100], [2, 60], [1, 650], [1, 100], [1, 725], [2, 70], [1, 575], [2, 90], [1, 425], [2, 20], [2, 650], [1, 60], [2, 90], [1, 40], [1, 60], [1, 100], [2, 10], [1, 350], [1, 60], [2, 725], [2, 80], [1, 800], [1, 70], [2, 90], [2, 10], [1, 725], [1, 275], [2, 500], [2, 70], [2, 60], [1, 40], [2, 200], [1, 425], [1, 275], [2, 875], [2, 60], [1, 40], [1, 60], [2, 30], [2, 275], [1, 575], [2, 275], [2, 60], [1, 70], [2, 100], [2, 275], [2, 90], [2, 60], [2, 70], [2, 200]];2126.9637620509725;2195.1623652180324;[25, 17, 10, 39, 19, 34, 38, 12, 14, 4, 37, 16, 31, 23, 15, 30, 44, 36, 2, 43, 48, 6, 49, 29, 21, 13, 8, 47, 24, 1, 45, 33, 18, 27, 9, 32, 50, 40, 42, 46, 7, 41, 3, 26, 5, 22, 28, 11, 20, 35];835;196;232;10000;200;2;0.2;10;RANKING;0.8;OPX;0.2;SHIFT;-1;0.0;true
76;1.5;50;0.5;0.5;25;0;11;100000;[[1, 10], [1, 725], [1, 40], [2, 500], [1, 200], [2, 100], [2, 30], [1, 650], [2, 875], [1, 275], [1, 800], [1, 350], [2, 60], [2, 350], [1, 650], [2, 100], [1, 30], [2, 575], [1, 575], [1, 650], [2, 275], [1, 90], [2, 90], [2, 200], [2, 425], [2, 350], [2, 90], [1, 425], [1, 650], [1, 80], [1, 30], [1, 20], [2, 70], [2, 200], [1, 60], [2, 425], [2, 500], [1, 50], [1, 575], [2, 70], [1, 800], [1, 425], [2, 60], [2, 275], [1, 800], [2, 50], [1, 350], [2, 275], [2, 275], [2, 90]];5950.237775219713;6267.965331090768;[32, 35, 31, 30, 17, 3, 1, 38, 22, 7, 46, 13, 16, 43, 40, 33, 50, 27, 23, 6, 8, 39, 47, 10, 24, 5, 41, 12, 19, 34, 48, 44, 21, 42, 45, 20, 2, 28, 15, 11, 29, 49, 26, 14, 25, 36, 37, 4, 18, 9];10;56;243;10000;200;2;0.2;10;RANKING;0.8;OX;0.2;SHIFT;-1;0.0;true
77;1.5;50;0.5;0.5;25;0;11;100000;[[1, 10], [1, 725], [1, 40], [2, 500], [1, 200], [2, 100], [2, 30], [1, 650], [2, 875], [1, 275], [1, 800], [1, 350], [2, 60], [2, 350], [1, 650], [2, 100], [1, 30], [2, 575], [1, 575], [1, 650], [2, 275], [1, 90], [2, 90], [2, 200], [2, 425], [2, 350], [2, 90], [1, 425], [1, 650], [1, 80], [1, 30], [1, 20], [2, 70], [2, 200], [1, 60], [2, 425], [2, 500], [1, 50], [1, 575], [2, 70], [1, 800], [1, 425], [2, 60], [2, 275], [1, 800], [2, 50], [1, 350], [2, 275], [2, 275], [2, 90]];5950.237775219713;6215.038835377594;[3, 17, 35, 38, 7, 40, 5, 30, 46, 43, 33, 50, 23, 27, 10, 31, 22, 47, 13, 16, 6, 34, 24, 44, 21, 48, 49, 42, 12, 11, 19, 28, 41, 39, 1, 20, 15, 2, 32, 29, 8, 45, 14, 26, 36, 25, 4, 37, 18, 9];37;207;239;10000;200;2;0.2;10;RANKING;0.8;PMX;0.2;SHIFT;-1;0.0;true
78;1.5;50;0.5;0.5;25;0;11;100000;[[1, 10], [1, 725], [1, 40], [2, 500], [1, 200], [2, 100], [2, 30], [1, 650], [2, 875], [1, 275], [1, 800], [1, 350], [2, 60], [2, 350], [1, 650], [2, 100], [1, 30], [2, 575], [1, 575], [1, 650], [2, 275], [1, 90], [2, 90], [2, 200], [2, 425], [2, 350], [2, 90], [1, 425], [1, 650], [1, 80], [1, 30], [1, 20], [2, 70], [2, 200], [1, 60], [2, 425], [2, 500], [1, 50], [1, 575], [2, 70], [1, 800], [1, 425], [2, 60], [2, 275], [1, 800], [2, 50], [1, 350], [2, 275], [2, 275], [2, 90]];5950.237775219713;6076.769162390858;[3, 32, 7, 31, 35, 17, 38, 22, 30, 46, 43, 13, 33, 40, 50, 23, 27, 6, 16, 10, 28, 47, 12, 1, 5, 42, 24, 34, 21, 48, 44, 49, 39, 29, 19, 8, 20, 15, 41, 45, 2, 11, 26, 14, 25, 36, 4, 37, 18, 9];850;189;220;10000;200;2;0.2;10;RANKING;0.8;OPX;0.2;SHIFT;-1;0.0;true
79;1.5;50;0.5;0.5;26;0;11;100000;[[2, 100], [2, 40], [2, 20], [1, 20], [1, 275], [1, 90], [1, 60], [2, 80], [2, 350], [2, 50], [2, 500], [2, 40], [1, 875], [2, 90], [1, 725], [1, 500], [2, 80], [1, 425], [2, 50], [1, 100], [1, 650], [1, 875], [1, 575], [1, 10], [2, 30], [2, 40], [1, 10], [1, 575], [1, 60], [2, 70], [2, 425], [2, 80], [2, 500], [2, 60], [2, 90], [2, 800], [1, 500], [2, 200], [2, 50], [2, 10], [2, 500], [1, 90], [1, 40], [1, 275], [1, 275], [2, 575], [1, 100], [2, 650], [2, 100], [1, 40]];2765.718124916715;2863.5535335222585;[40, 25, 20, 50, 4, 3, 2, 12, 19, 10, 6, 42, 43, 7, 27, 47, 24, 29, 26, 39, 30, 34, 17, 32, 8, 14, 35, 49, 1, 44, 5, 38, 23, 16, 13, 45, 37, 28, 18, 21, 15, 22, 9, 31, 33, 11, 41, 46, 48, 36];19;113;257;10000;200;2;0.2;10;RANKING;0.8;OX;0.2;SHIFT;-1;0.0;true
80;1.5;50;0.5;0.5;26;0;11;100000;[[2, 100], [2, 40], [2, 20], [1, 20], [1, 275], [1, 90], [1, 60], [2, 80], [2, 350], [2, 50], [2, 500], [2, 40], [1, 875], [2, 90], [1, 725], [1, 500], [2, 80], [1, 425], [2, 50], [1, 100], [1, 650], [1, 875], [1, 575], [1, 10], [2, 30], [2, 40], [1, 10], [1, 575], [1, 60], [2, 70], [2, 425], [2, 80], [2, 500], [2, 60], [2, 90], [2, 800], [1, 500], [2, 200], [2, 50], [2, 10], [2, 500], [1, 90], [1, 40], [1, 275], [1, 275], [2, 575], [1, 100], [2, 650], [2, 100], [1, 40]];2765.718124916715;2858.1993741808205;[4, 7, 40, 3, 43, 50, 25, 12, 2, 27, 26, 10, 39, 42, 29, 20, 47, 19, 34, 30, 32, 17, 49, 8, 35, 14, 1, 38, 45, 18, 44, 5, 16, 37, 22, 28, 23, 6, 21, 15, 24, 13, 9, 31, 33, 11, 41, 46, 48, 36];40;225;236;10000;200;2;0.2;10;RANKING;0.8;PMX;0.2;SHIFT;-1;0.0;true
81;1.5;50;0.5;0.5;26;0;11;100000;[[2, 100], [2, 40], [2, 20], [1, 20], [1, 275], [1, 90], [1, 60], [2, 80], [2, 350], [2, 50], [2, 500], [2, 40], [1, 875], [2, 90], [1, 725], [1, 500], [2, 80], [1, 425], [2, 50], [1, 100], [1, 650], [1, 875], [1, 575], [1, 10], [2, 30], [2, 40], [1, 10], [1, 575], [1, 60], [2, 70], [2, 425], [2, 80], [2, 500], [2, 60], [2, 90], [2, 800], [1, 500], [2, 200], [2, 50], [2, 10], [2, 500], [1, 90], [1, 40], [1, 275], [1, 275], [2, 575], [1, 100], [2, 650], [2, 100], [1, 40]];2765.718124916715;2829.675757668954;[40, 27, 50, 29, 4, 7, 43, 3, 25, 12, 24, 2, 26, 6, 42, 47, 20, 39, 19, 10, 34, 30, 17, 8, 32, 14, 35, 49, 1, 38, 44, 18, 45, 5, 16, 37, 23, 28, 22, 15, 21, 13, 9, 31, 41, 33, 11, 46, 48, 36];604;153;253;10000;200;2;0.2;10;RANKING;0.8;OPX;0.2;SHIFT;-1;0.0;true
82;1.5;50;0.5;0.5;27;0;11;100000;[[1, 350], [2, 50], [1, 500], [1, 575], [1, 425], [1, 100], [2, 725], [2, 90], [2, 425], [2, 80], [1, 10], [2, 875], [1, 40], [2, 90], [2, 100], [1, 800], [1, 275], [1, 20], [2, 80], [1, 20], [2, 90], [2, 90], [2, 875], [2, 60], [2, 40], [2, 100], [2, 425], [2, 500], [1, 275], [1, 275], [1, 725], [2, 500], [2, 875], [2, 875], [1, 100], [1, 60], [1, 500], [1, 30], [2, 575], [2, 425], [2, 80], [2, 60], [2, 80], [1, 425], [2, 10], [2, 60], [2, 350], [1, 20], [1, 575], [2, 875]];7108.161718837208;7218.655770985109;[35, 38, 11, 18, 48, 36, 20, 13, 45, 25, 2, 42, 24, 46, 41, 43, 19, 10, 22, 8, 14, 26, 21, 15, 44, 17, 1, 31, 29, 5, 30, 6, 49, 37, 4, 16, 3, 47, 40, 27, 9, 28, 32, 39, 7, 34, 50, 12, 23, 33];10;65;317;10000;200;2;0.2;10;RANKING;0.8;OX;0.2;SHIFT;-1;0.0;true
83;1.5;50;0.5;0.5;27;0;11;100000;[[1, 350], [2, 50], [1, 500], [1, 575], [1, 425], [1, 100], [2, 725], [2, 90], [2, 425], [2, 80], [1, 10], [2, 875], [1, 40], [2, 90], [2, 100], [1, 800], [1, 275], [1, 20], [2, 80], [1, 20], [2, 90], [2, 90], [2, 875], [2, 60], [2, 40], [2, 100], [2, 425], [2, 500], [1, 275], [1, 275], [1, 725], [2, 500], [2, 875], [2, 875], [1, 100], [1, 60], [1, 500], [1, 30], [2, 575], [2, 425], [2, 80], [2, 60], [2, 80], [1, 425], [2, 10], [2, 60], [2, 350], [1, 20], [1, 575], [2, 875]];7108.161718837208;7251.273736798221;[45, 6, 20, 13, 36, 38, 11, 18, 25, 2, 42, 24, 46, 19, 10, 43, 41, 21, 22, 14, 8, 26, 15, 35, 17, 30, 3, 44, 4, 49, 29, 1, 31, 48, 37, 5, 16, 47, 9, 40, 32, 27, 28, 39, 7, 12, 33, 50, 34, 23];38;271;294;10000;200;2;0.2;10;RANKING;0.8;PMX;0.2;SHIFT;-1;0.0;true
84;1.5;50;0.5;0.5;27;0;11;100000;[[1, 350], [2, 50], [1, 500], [1, 575], [1, 425], [1, 100], [2, 725], [2, 90], [2, 425], [2, 80], [1, 10], [2, 875], [1, 40], [2, 90], [2, 100], [1, 800], [1, 275], [1, 20], [2, 80], [1, 20], [2, 90], [2, 90], [2, 875], [2, 60], [2, 40], [2, 100], [2, 425], [2, 500], [1, 275], [1, 275], [1, 725], [2, 500], [2, 875], [2, 875], [1, 100], [1, 60], [1, 500], [1, 30], [2, 575], [2, 425], [2, 80], [2, 60], [2, 80], [1, 425], [2, 10], [2, 60], [2, 350], [1, 20], [1, 575], [2, 875]];7108.161718837208;7176.152316787719;[45, 18, 48, 20, 38, 13, 36, 11, 25, 35, 6, 2, 42, 46, 24, 41, 19, 10, 43, 14, 22, 8, 21, 15, 26, 1, 29, 17, 30, 44, 37, 3, 5, 4, 49, 31, 16, 47, 9, 27, 40, 32, 28, 39, 7, 34, 33, 12, 23, 50];92;30;297;10000;200;2;0.2;10;RANKING;0.8;OPX;0.2;SHIFT;-1;0.0;true
85;1.5;50;0.5;0.5;28;0;11;100000;[[1, 800], [1, 20], [1, 90], [1, 80], [1, 10], [2, 725], [2, 60], [1, 500], [2, 275], [2, 60], [2, 875], [2, 20], [2, 350], [2, 725], [1, 350], [2, 800], [1, 70], [1, 575], [2, 10], [1, 725], [1, 725], [2, 60], [1, 90], [2, 70], [2, 90], [2, 875], [2, 275], [1, 30], [1, 650], [1, 10], [1, 60], [1, 800], [1, 650], [1, 30], [1, 50], [1, 350], [2, 70], [1, 100], [2, 90], [2, 575], [2, 10], [1, 100], [1, 70], [2, 425], [1, 100], [1, 100], [1, 200], [2, 575], [2, 70], [2, 875]];5368.160077587648;5551.920765929074;[5, 30, 19, 41, 12, 42, 37, 4, 31, 2, 34, 47, 28, 43, 23, 3, 17, 35, 38, 7, 22, 49, 24, 25, 39, 9, 10, 27, 46, 15, 36, 20, 32, 8, 33, 21, 18, 29, 1, 45, 13, 44, 40, 48, 6, 14, 16, 26, 11, 50];19;124;275;10000;200;2;0.2;10;RANKING;0.8;OX;0.2;SHIFT;-1;0.0;true
86;1.5;50;0.5;0.5;28;0;11;100000;[[1, 800], [1, 20], [1, 90], [1, 80], [1, 10], [2, 725], [2, 60], [1, 500], [2, 275], [2, 60], [2, 875], [2, 20], [2, 350], [2, 725], [1, 350], [2, 800], [1, 70], [1, 575], [2, 10], [1, 725], [1, 725], [2, 60], [1, 90], [2, 70], [2, 90], [2, 875], [2, 275], [1, 30], [1, 650], [1, 10], [1, 60], [1, 800], [1, 650], [1, 30], [1, 50], [1, 350], [2, 70], [1, 100], [2, 90], [2, 575], [2, 10], [1, 100], [1, 70], [2, 425], [1, 100], [1, 100], [1, 200], [2, 575], [2, 70], [2, 875]];5368.160077587648;5537.006638624053;[41, 19, 17, 30, 23, 4, 5, 35, 46, 3, 43, 2, 34, 12, 22, 38, 45, 28, 10, 7, 49, 24, 37, 39, 25, 42, 33, 47, 36, 21, 32, 31, 20, 15, 8, 29, 18, 1, 27, 9, 13, 44, 48, 40, 6, 14, 16, 26, 11, 50];39;233;248;10000;200;2;0.2;10;RANKING;0.8;PMX;0.2;SHIFT;-1;0.0;true
87;1.5;50;0.5;0.5;28;0;11;100000;[[1, 800], [1, 20], [1, 90], [1, 80], [1, 10], [2, 725], [2, 60], [1, 500], [2, 275], [2, 60], [2, 875], [2, 20], [2, 350], [2, 725], [1, 350], [2, 800], [1, 70], [1, 575], [2, 10], [1, 725], [1, 725], [2, 60], [1, 90], [2, 70], [2, 90], [2, 875], [2, 275], [1, 30], [1, 650], [1, 10], [1, 60], [1, 800], [1, 650], [1, 30], [1, 50], [1, 350], [2, 70], [1, 100], [2, 90], [2, 575], [2, 10], [1, 100], [1, 70], [2, 425], [1, 100], [1, 100], [1, 200], [2, 575], [2, 70], [2, 875]];5368.160077587648;5467.124444574974;[41, 19, 35, 2, 12, 34, 4, 28, 38, 43, 3, 23, 31, 42, 17, 30, 22, 10, 7, 46, 47, 45, 49, 37, 24, 25, 39, 15, 36, 5, 9, 27, 29, 8, 21, 32, 20, 18, 33, 1, 13, 44, 48, 40, 6, 14, 16, 26, 11, 50];1001;271;272;10000;200;2;0.2;10;RANKING;0.8;OPX;0.2;SHIFT;-1;0.0;true
88;1.5;50;0.5;0.5;29;0;11;100000;[[2, 80], [2, 500], [1, 20], [1, 575], [2, 800], [1, 650], [1, 40], [2, 50], [1, 70], [1, 10], [1, 275], [2, 100], [2, 10], [2, 575], [1, 60], [2, 30], [2, 725], [2, 80], [2, 725], [1, 50], [1, 350], [1, 60], [2, 20], [2, 30], [1, 100], [1, 575], [1, 650], [2, 350], [2, 425], [1, 725], [1, 60], [1, 800], [1, 575], [2, 575], [2, 70], [1, 875], [2, 90], [1, 90], [2, 70], [1, 800], [2, 875], [1, 575], [2, 275], [2, 350], [1, 70], [1, 800], [1, 70], [2, 30], [2, 500], [2, 100]];6508.839837308257;6728.564178213653;[13, 24, 10, 23, 48, 7, 16, 15, 45, 25, 31, 20, 3, 22, 8, 35, 18, 39, 1, 37, 12, 11, 38, 50, 43, 4, 6, 47, 9, 27, 21, 46, 33, 32, 26, 30, 40, 42, 36, 44, 28, 29, 49, 2, 34, 14, 17, 19, 5, 41];35;255;312;10000;200;2;0.2;10;RANKING;0.8;OX;0.2;SHIFT;-1;0.0;true
89;1.5;50;0.5;0.5;29;0;11;100000;[[2, 80], [2, 500], [1, 20], [1, 575], [2, 800], [1, 650], [1, 40], [2, 50], [1, 70], [1, 10], [1, 275], [2, 100], [2, 10], [2, 575], [1, 60], [2, 30], [2, 725], [2, 80], [2, 725], [1, 50], [1, 350], [1, 60], [2, 20], [2, 30], [1, 100], [1, 575], [1, 650], [2, 350], [2, 425], [1, 725], [1, 60], [1, 800], [1, 575], [2, 575], [2, 70], [1, 875], [2, 90], [1, 90], [2, 70], [1, 800], [2, 875], [1, 575], [2, 275], [2, 350], [1, 70], [1, 800], [1, 70], [2, 30], [2, 500], [2, 100]];6508.839837308257;6699.8513534636;[23, 13, 48, 38, 7, 47, 10, 15, 3, 22, 20, 9, 45, 31, 25, 24, 16, 8, 35, 1, 37, 12, 21, 27, 39, 18, 11, 50, 43, 26, 4, 30, 46, 6, 33, 32, 40, 42, 36, 28, 44, 29, 49, 2, 34, 14, 19, 17, 5, 41];10;74;295;10000;200;2;0.2;10;RANKING;0.8;PMX;0.2;SHIFT;-1;0.0;true
90;1.5;50;0.5;0.5;29;0;11;100000;[[2, 80], [2, 500], [1, 20], [1, 575], [2, 800], [1, 650], [1, 40], [2, 50], [1, 70], [1, 10], [1, 275], [2, 100], [2, 10], [2, 575], [1, 60], [2, 30], [2, 725], [2, 80], [2, 725], [1, 50], [1, 350], [1, 60], [2, 20], [2, 30], [1, 100], [1, 575], [1, 650], [2, 350], [2, 425], [1, 725], [1, 60], [1, 800], [1, 575], [2, 575], [2, 70], [1, 875], [2, 90], [1, 90], [2, 70], [1, 800], [2, 875], [1, 575], [2, 275], [2, 350], [1, 70], [1, 800], [1, 70], [2, 30], [2, 500], [2, 100]];6508.839837308257;6650.297436546392;[13, 23, 10, 15, 47, 3, 24, 48, 16, 20, 22, 45, 31, 7, 9, 38, 25, 8, 39, 35, 1, 18, 37, 12, 50, 6, 21, 11, 43, 4, 42, 27, 32, 26, 33, 46, 40, 30, 36, 44, 28, 29, 49, 2, 34, 14, 17, 19, 5, 41];212;49;224;10000;200;2;0.2;10;RANKING;0.8;OPX;0.2;SHIFT;-1;0.0;true
91;1.5;50;0.5;0.5;0;0;11;100000;[[2, 90], [2, 575], [1, 875], [2, 425], [2, 650], [2, 200], [2, 575], [2, 875], [1, 725], [1, 350], [2, 275], [2, 20], [2, 575], [2, 30], [2, 80], [2, 725], [1, 500], [1, 875], [2, 40], [2, 70], [2, 275], [2, 100], [1, 30], [2, 50], [2, 50], [1, 725], [2, 725], [1, 200], [1, 40], [2, 90], [1, 500], [1, 10], [1, 40], [1, 50], [2, 875], [2, 275], [2, 60], [2, 90], [2, 90], [1, 200], [2, 350], [1, 575], [1, 70], [2, 30], [1, 800], [2, 10], [1, 500], [2, 20], [2, 80], [2, 30]];6414.9575597616995;6528.7986749922275;[46, 34, 32, 12, 48, 14, 50, 44, 40, 29, 19, 25, 24, 37, 20, 49, 15, 39, 23, 30, 1, 38, 22, 10, 28, 33, 43, 17, 6, 31, 47, 36, 21, 11, 41, 26, 42, 45, 18, 9, 3, 4, 7, 2, 13, 5, 16, 27, 35, 8];1613;53;405;10000;200;2;0.2;10;RANKING;0.8;OurCX;0.2;SHIFT;-1;0.0;true
92;1.5;50;0.5;0.5;1;0;11;100000;[[1, 80], [2, 575], [2, 10], [2, 30], [2, 20], [1, 650], [1, 875], [2, 425], [1, 350], [1, 875], [1, 40], [1, 500], [2, 500], [2, 875], [2, 70], [1, 90], [2, 200], [2, 80], [1, 100], [1, 10], [1, 800], [1, 725], [2, 200], [2, 500], [2, 80], [1, 350], [2, 50], [2, 500], [1, 650], [2, 350], [1, 200], [1, 350], [2, 200], [2, 500], [2, 425], [1, 80], [1, 500], [2, 40], [2, 40], [1, 650], [1, 40], [1, 30], [1, 10], [1, 40], [1, 500], [1, 500], [2, 10], [2, 350], [1, 60], [2, 575]];5734.079766682962;5875.376420842949;[47, 3, 1, 42, 43, 20, 44, 49, 5, 4, 39, 16, 36, 38, 31, 41, 27, 15, 11, 25, 18, 19, 33, 17, 23, 32, 37, 9, 26, 12, 45, 29, 6, 40, 10, 21, 46, 22, 7, 48, 30, 8, 35, 28, 13, 24, 34, 50, 2, 14];4506;92;343;10000;200;2;0.2;10;RANKING;0.8;OurCX;0.2;SHIFT;-1;0.0;true
93;1.5;50;0.5;0.5;2;0;11;100000;[[2, 100], [2, 800], [1, 90], [1, 10], [1, 10], [2, 800], [1, 875], [1, 90], [2, 80], [2, 40], [1, 425], [2, 80], [2, 650], [1, 90], [2, 650], [1, 40], [1, 40], [2, 350], [2, 40], [1, 875], [1, 350], [1, 875], [2, 350], [1, 60], [1, 10], [1, 875], [1, 50], [1, 500], [1, 10], [1, 80], [1, 40], [2, 10], [1, 20], [1, 40], [1, 650], [2, 875], [2, 50], [2, 725], [1, 350], [2, 30], [2, 575], [2, 875], [2, 350], [2, 650], [2, 800], [1, 275], [1, 200], [1, 575], [1, 425], [2, 875]];9414.891311733865;9597.71626006342;[29, 4, 32, 34, 5, 40, 10, 17, 24, 30, 16, 31, 14, 27, 8, 19, 37, 12, 9, 1, 21, 25, 46, 47, 11, 49, 39, 3, 48, 33, 18, 43, 26, 35, 28, 22, 23, 20, 7, 41, 44, 13, 15, 38, 45, 2, 6, 50, 42, 36];14277;339;358;10000;200;2;0.2;10;RANKING;0.8;OurCX;0.2;SHIFT;-1;0.0;true
94;1.5;50;0.5;0.5;3;0;11;100000;[[1, 425], [2, 40], [1, 575], [2, 275], [1, 20], [1, 30], [2, 575], [1, 100], [2, 650], [1, 100], [1, 875], [2, 575], [2, 100], [2, 60], [2, 60], [1, 875], [1, 30], [2, 20], [2, 500], [1, 20], [1, 650], [1, 60], [1, 100], [2, 650], [2, 875], [2, 650], [1, 100], [1, 500], [1, 200], [2, 50], [1, 875], [2, 10], [1, 10], [1, 70], [2, 275], [1, 800], [2, 200], [1, 50], [2, 800], [1, 100], [1, 200], [2, 200], [1, 60], [1, 800], [1, 60], [2, 500], [1, 650], [1, 10], [2, 90], [1, 30]];5295.7232419241855;5409.3231145111295;[6, 33, 32, 23, 5, 18, 38, 2, 22, 17, 43, 27, 50, 10, 30, 15, 40, 34, 41, 45, 20, 8, 29, 14, 49, 13, 42, 37, 4, 35, 28, 48, 3, 21, 1, 44, 31, 36, 11, 47, 16, 46, 19, 12, 7, 24, 26, 9, 39, 25];4880;120;352;10000;200;2;0.2;10;RANKING;0.8;OurCX;0.2;SHIFT;-1;0.0;true
95;1.5;50;0.5;0.5;4;0;11;100000;[[1, 30], [2, 60], [2, 725], [2, 60], [2, 275], [1, 40], [2, 350], [2, 50], [2, 40], [1, 100], [1, 650], [1, 40], [2, 800], [1, 90], [2, 40], [1, 30], [1, 70], [1, 875], [2, 70], [2, 50], [1, 100], [2, 875], [1, 70], [1, 575], [2, 20], [1, 425], [1, 875], [1, 10], [1, 200], [2, 800], [1, 875], [2, 90], [2, 650], [1, 275], [2, 90], [2, 275], [1, 800], [2, 725], [2, 10], [1, 875], [2, 60], [1, 60], [1, 20], [1, 425], [1, 20], [1, 90], [2, 40], [1, 275], [1, 425], [2, 60]];3672.0961995966136;3759.872787540672;[39, 25, 1, 45, 28, 12, 42, 17, 43, 16, 10, 6, 23, 15, 47, 9, 46, 14, 20, 8, 50, 2, 4, 41, 19, 35, 32, 21, 29, 48, 26, 34, 44, 24, 49, 36, 5, 7, 40, 31, 37, 11, 27, 18, 33, 38, 3, 30, 13, 22];12986;314;356;10000;200;2;0.2;10;RANKING;0.8;OurCX;0.2;SHIFT;-1;0.0;true
96;1.5;50;0.5;0.5;5;0;11;100000;[[2, 800], [1, 20], [1, 60], [1, 350], [2, 275], [1, 80], [2, 100], [1, 575], [1, 200], [2, 875], [2, 800], [1, 40], [1, 350], [2, 10], [2, 575], [2, 575], [1, 20], [2, 725], [2, 20], [2, 725], [2, 80], [2, 60], [1, 500], [2, 20], [2, 20], [1, 90], [2, 30], [2, 80], [2, 800], [2, 725], [1, 30], [2, 425], [2, 40], [2, 350], [2, 30], [1, 70], [2, 875], [2, 30], [1, 100], [1, 200], [1, 875], [2, 800], [1, 425], [2, 875], [2, 425], [2, 650], [2, 350], [1, 40], [2, 80], [1, 425]];11179.860765561674;11273.456103598559;[14, 48, 36, 12, 31, 2, 19, 25, 24, 3, 6, 17, 27, 38, 35, 33, 39, 9, 22, 49, 28, 21, 26, 7, 40, 13, 43, 50, 4, 23, 41, 8, 5, 47, 34, 45, 32, 15, 16, 46, 20, 18, 30, 11, 42, 1, 29, 44, 10, 37];12576;281;334;10000;200;2;0.2;10;RANKING;0.8;OurCX;0.2;SHIFT;-1;0.0;true
97;1.5;50;0.5;0.5;6;0;11;100000;[[1, 40], [2, 10], [2, 50], [1, 100], [1, 800], [2, 425], [2, 70], [2, 725], [2, 200], [1, 200], [1, 100], [2, 575], [1, 30], [2, 10], [1, 80], [2, 350], [2, 30], [2, 575], [2, 50], [2, 650], [2, 575], [2, 10], [2, 50], [1, 60], [2, 70], [1, 800], [2, 30], [2, 90], [2, 90], [2, 725], [1, 60], [1, 20], [2, 800], [2, 20], [2, 725], [1, 800], [1, 800], [1, 875], [2, 500], [2, 800], [1, 70], [1, 800], [2, 30], [2, 50], [1, 800], [1, 200], [1, 100], [2, 60], [2, 50], [1, 60]];5868.302006944241;5994.514037521614;[14, 22, 2, 34, 15, 41, 31, 13, 32, 1, 24, 11, 17, 27, 43, 44, 3, 49, 19, 23, 48, 25, 7, 28, 29, 42, 50, 9, 47, 16, 10, 36, 46, 37, 26, 4, 5, 45, 38, 6, 39, 18, 21, 12, 20, 35, 30, 8, 33, 40];4896;117;348;10000;200;2;0.2;10;RANKING;0.8;OurCX;0.2;SHIFT;-1;0.0;true
98;1.5;50;0.5;0.5;7;0;11;100000;[[1, 275], [1, 60], [2, 100], [2, 200], [1, 500], [2, 50], [2, 90], [1, 90], [2, 20], [1, 875], [1, 800], [1, 350], [1, 30], [2, 575], [2, 50], [2, 500], [1, 275], [2, 875], [1, 100], [1, 20], [1, 30], [2, 60], [1, 425], [2, 875], [1, 90], [2, 500], [1, 350], [2, 100], [2, 90], [1, 10], [1, 725], [2, 90], [1, 80], [1, 20], [1, 70], [1, 70], [1, 40], [2, 350], [2, 50], [2, 275], [1, 60], [1, 875], [2, 40], [1, 425], [2, 80], [1, 875], [2, 10], [2, 60], [2, 100], [1, 425]];2579.9600073569086;2677.9270635785465;[47, 41, 37, 13, 20, 30, 34, 21, 36, 9, 43, 25, 8, 19, 35, 33, 2, 6, 15, 39, 22, 48, 45, 32, 29, 7, 49, 3, 28, 4, 1, 27, 17, 23, 11, 12, 50, 40, 42, 44, 5, 31, 46, 10, 38, 26, 16, 14, 18, 24];6935;157;330;10000;200;2;0.2;10;RANKING;0.8;OurCX;0.2;SHIFT;-1;0.0;true
99;1.5;50;0.5;0.5;8;0;11;100000;[[1, 40], [1, 725], [1, 200], [1, 60], [1, 80], [2, 20], [1, 90], [2, 20], [1, 350], [2, 50], [1, 725], [2, 80], [1, 350], [2, 90], [2, 20], [2, 90], [1, 500], [1, 650], [1, 500], [1, 650], [1, 90], [1, 10], [2, 275], [1, 800], [1, 40], [2, 200], [2, 40], [2, 100], [1, 800], [2, 650], [1, 90], [2, 10], [1, 800], [2, 500], [1, 575], [1, 20], [2, 40], [1, 725], [1, 30], [1, 40], [1, 575], [2, 90], [1, 20], [1, 200], [2, 350], [1, 20], [2, 10], [2, 650], [2, 275], [1, 575]];2574.0058422152683;2681.0103551977627;[47, 32, 31, 46, 15, 8, 6, 43, 40, 27, 4, 21, 25, 36, 22, 37, 44, 39, 1, 5, 10, 7, 12, 16, 42, 14, 28, 13, 3, 19, 9, 26, 49, 23, 17, 50, 41, 35, 18, 2, 45, 38, 20, 11, 33, 24, 29, 34, 30, 48];210;11;327;10000;200;2;0.2;10;RANKING;0.8;OurCX;0.2;SHIFT;-1;0.0;true
100;1.5;50;0.5;0.5;9;0;11;100000;[[1, 70], [2, 80], [2, 650], [1, 875], [1, 650], [2, 10], [1, 20], [2, 500], [2, 30], [1, 90], [2, 500], [1, 425], [1, 275], [2, 80], [1, 100], [2, 80], [2, 275], [2, 50], [1, 70], [1, 875], [1, 500], [1, 200], [2, 100], [2, 30], [1, 20], [2, 70], [2, 200], [1, 30], [1, 100], [2, 725], [1, 20], [1, 60], [2, 80], [1, 650], [1, 200], [1, 90], [2, 70], [2, 60], [2, 275], [2, 875], [1, 875], [1, 875], [2, 70], [2, 800], [2, 275], [1, 100], [1, 800], [2, 100], [1, 40], [1, 20]];3473.8531683152355;3577.440109193924;[31, 50, 6, 24, 9, 19, 49, 22, 7, 32, 46, 28, 10, 25, 36, 1, 15, 29, 18, 38, 37, 43, 26, 2, 33, 16, 14, 48, 23, 13, 21, 27, 45, 39, 35, 17, 5, 47, 34, 42, 41, 20, 12, 4, 11, 8, 3, 30, 44, 40];3509;83;333;10000;200;2;0.2;10;RANKING;0.8;OurCX;0.2;SHIFT;-1;0.0;true
101;1.5;50;0.5;0.5;10;0;11;100000;[[1, 350], [1, 60], [1, 20], [1, 50], [1, 100], [1, 40], [2, 30], [2, 650], [2, 90], [1, 50], [1, 90], [2, 425], [2, 80], [1, 650], [2, 200], [2, 575], [1, 90], [2, 200], [1, 875], [2, 875], [2, 20], [1, 50], [2, 60], [2, 800], [1, 50], [1, 875], [2, 350], [2, 70], [1, 500], [2, 425], [1, 100], [2, 500], [2, 575], [1, 800], [1, 725], [1, 350], [1, 350], [2, 90], [1, 90], [1, 70], [2, 60], [1, 50], [1, 875], [1, 70], [1, 500], [2, 40], [2, 350], [1, 50], [1, 575], [2, 875]];5759.68463271097;5891.527315091568;[21, 3, 48, 6, 11, 22, 10, 42, 4, 25, 2, 7, 46, 17, 39, 40, 31, 44, 5, 41, 23, 28, 13, 9, 38, 15, 18, 29, 37, 1, 34, 49, 36, 43, 45, 14, 26, 35, 19, 27, 47, 30, 12, 32, 16, 33, 8, 24, 20, 50];11700;250;322;10000;200;2;0.2;10;RANKING;0.8;OurCX;0.2;SHIFT;-1;0.0;true
102;1.5;50;0.5;0.5;11;0;11;100000;[[1, 350], [1, 575], [2, 100], [1, 725], [1, 425], [2, 10], [2, 425], [1, 90], [1, 800], [2, 90], [1, 50], [2, 60], [1, 70], [1, 50], [2, 50], [2, 30], [1, 575], [2, 350], [1, 650], [1, 800], [1, 650], [2, 350], [2, 40], [1, 60], [2, 10], [2, 90], [1, 100], [1, 725], [2, 425], [2, 650], [1, 40], [1, 90], [2, 40], [1, 90], [2, 800], [1, 90], [2, 350], [2, 800], [1, 10], [2, 200], [1, 60], [1, 90], [2, 50], [2, 425], [2, 80], [2, 875], [1, 30], [2, 100], [1, 275], [1, 500]];4086.7809211201643;4174.9249359575015;[25, 6, 32, 39, 16, 47, 24, 41, 8, 42, 14, 11, 27, 13, 31, 33, 23, 34, 36, 15, 43, 12, 45, 10, 26, 48, 3, 40, 1, 50, 5, 49, 28, 17, 2, 21, 19, 4, 37, 22, 18, 9, 20, 7, 29, 44, 30, 38, 35, 46];13532;295;327;10000;200;2;0.2;10;RANKING;0.8;OurCX;0.2;SHIFT;-1;0.0;true
103;1.5;50;0.5;0.5;12;0;11;100000;[[2, 20], [2, 100], [2, 40], [1, 20], [1, 90], [2, 30], [1, 500], [1, 200], [1, 60], [2, 650], [2, 575], [1, 40], [1, 275], [2, 575], [1, 650], [2, 800], [1, 200], [2, 425], [1, 575], [1, 425], [2, 800], [2, 425], [1, 100], [2, 575], [2, 500], [1, 875], [2, 575], [2, 40], [2, 650], [2, 575], [2, 275], [1, 500], [2, 275], [2, 20], [1, 275], [2, 60], [1, 575], [2, 725], [1, 20], [1, 275], [1, 70], [2, 70], [2, 500], [1, 350], [1, 100], [2, 500], [1, 80], [1, 875], [1, 725], [2, 70]];11230.320688040789;11409.916665619477;[34, 1, 6, 5, 47, 9, 39, 4, 12, 41, 45, 28, 3, 36, 50, 42, 2, 23, 8, 35, 40, 7, 13, 32, 20, 37, 19, 48, 49, 17, 44, 15, 26, 33, 31, 22, 18, 46, 43, 25, 27, 14, 30, 24, 11, 29, 10, 38, 16, 21];11814;266;341;10000;200;2;0.2;10;RANKING;0.8;OurCX;0.2;SHIFT;-1;0.0;true
104;1.5;50;0.5;0.5;13;0;11;100000;[[2, 90], [1, 800], [1, 90], [2, 350], [2, 10], [2, 725], [2, 650], [2, 40], [1, 275], [2, 350], [2, 725], [1, 725], [2, 875], [1, 70], [1, 10], [2, 10], [2, 500], [2, 650], [2, 50], [2, 800], [2, 70], [2, 875], [2, 725], [1, 275], [2, 650], [2, 500], [1, 800], [2, 50], [2, 40], [1, 350], [2, 10], [2, 100], [2, 40], [1, 875], [2, 100], [2, 90], [1, 60], [2, 275], [1, 50], [2, 200], [1, 800], [1, 50], [2, 30], [2, 10], [2, 275], [1, 30], [1, 875], [1, 200], [2, 60], [2, 10]];8353.555271560674;8456.352264946467;[31, 50, 5, 44, 16, 42, 39, 46, 37, 43, 3, 14, 33, 8, 29, 28, 19, 49, 21, 1, 36, 32, 35, 9, 30, 48, 24, 40, 38, 45, 10, 4, 47, 15, 27, 2, 12, 34, 41, 17, 26, 18, 7, 25, 11, 6, 23, 20, 13, 22];13163;322;364;10000;200;2;0.2;10;RANKING;0.8;OurCX;0.2;SHIFT;-1;0.0;true
105;1.5;50;0.5;0.5;14;0;11;100000;[[1, 80], [2, 100], [1, 90], [2, 90], [1, 350], [1, 30], [1, 425], [2, 80], [2, 875], [2, 100], [2, 875], [2, 60], [1, 10], [1, 50], [1, 200], [2, 90], [2, 70], [2, 50], [1, 70], [2, 70], [1, 575], [1, 70], [1, 90], [1, 875], [1, 10], [2, 10], [1, 200], [1, 500], [2, 650], [2, 90], [1, 70], [2, 60], [2, 100], [1, 875], [1, 50], [1, 425], [1, 70], [1, 800], [1, 875], [1, 650], [2, 80], [1, 70], [1, 100], [1, 40], [2, 650], [2, 575], [1, 350], [2, 275], [1, 20], [1, 800]];2719.7465162377844;2792.763925656401;[26, 42, 14, 6, 3, 25, 13, 49, 31, 37, 23, 1, 44, 19, 22, 43, 35, 18, 12, 32, 20, 17, 8, 41, 16, 4, 30, 27, 15, 33, 10, 2, 47, 7, 36, 5, 21, 28, 48, 50, 40, 39, 38, 34, 24, 46, 45, 29, 11, 9];3395;77;304;10000;200;2;0.2;10;RANKING;0.8;OurCX;0.2;SHIFT;-1;0.0;true
106;1.5;50;0.5;0.5;15;0;11;100000;[[2, 800], [1, 30], [2, 350], [2, 80], [1, 90], [2, 20], [2, 875], [1, 650], [2, 70], [1, 425], [2, 875], [1, 20], [1, 100], [1, 100], [1, 350], [2, 425], [2, 60], [2, 50], [2, 575], [1, 20], [2, 350], [2, 350], [2, 350], [1, 80], [2, 10], [2, 90], [1, 875], [2, 650], [2, 575], [1, 60], [1, 650], [1, 425], [2, 875], [2, 500], [2, 425], [1, 10], [1, 10], [1, 275], [1, 725], [1, 725], [1, 60], [2, 800], [1, 500], [1, 200], [2, 350], [2, 500], [1, 875], [2, 80], [2, 650], [1, 575]];13143.99251429357;13347.857903244985;[25, 20, 14, 6, 41, 37, 5, 36, 12, 30, 24, 18, 17, 9, 4, 2, 48, 26, 44, 13, 32, 10, 15, 39, 50, 40, 47, 31, 38, 43, 8, 27, 23, 21, 22, 3, 45, 16, 35, 34, 46, 19, 29, 28, 49, 1, 42, 33, 11, 7];9608;210;328;10000;200;2;0.2;10;RANKING;0.8;OurCX;0.2;SHIFT;-1;0.0;true
107;1.5;50;0.5;0.5;16;0;11;100000;[[2, 575], [2, 10], [1, 575], [2, 30], [2, 275], [2, 425], [1, 10], [2, 200], [1, 650], [1, 500], [1, 40], [1, 10], [1, 650], [1, 425], [2, 425], [2, 100], [1, 875], [1, 30], [2, 70], [1, 100], [2, 100], [2, 10], [1, 40], [1, 10], [1, 200], [1, 425], [1, 275], [1, 70], [2, 80], [1, 20], [2, 875], [2, 80], [2, 275], [1, 90], [2, 350], [2, 425], [1, 10], [1, 90], [1, 875], [1, 100], [1, 200], [1, 800], [2, 200], [2, 575], [1, 875], [1, 100], [2, 80], [1, 90], [1, 425], [1, 875]];3751.778809703108;3866.012433203509;[2, 22, 40, 28, 23, 30, 7, 37, 34, 48, 24, 18, 11, 20, 4, 38, 25, 19, 32, 29, 16, 46, 47, 21, 27, 26, 49, 41, 10, 14, 12, 8, 43, 5, 33, 35, 9, 3, 42, 17, 50, 13, 39, 45, 6, 15, 36, 44, 1, 31];5442;116;331;10000;200;2;0.2;10;RANKING;0.8;OurCX;0.2;SHIFT;-1;0.0;true
108;1.5;50;0.5;0.5;17;0;11;100000;[[1, 10], [2, 425], [2, 20], [2, 500], [2, 90], [2, 70], [1, 275], [1, 100], [1, 100], [1, 80], [1, 100], [2, 500], [1, 80], [2, 20], [1, 80], [1, 100], [1, 875], [2, 10], [2, 10], [1, 50], [1, 60], [2, 100], [2, 275], [2, 275], [1, 350], [2, 875], [1, 650], [1, 90], [1, 200], [2, 100], [2, 275], [1, 50], [1, 20], [1, 875], [2, 350], [1, 100], [1, 575], [1, 40], [1, 725], [1, 10], [2, 875], [2, 575], [1, 500], [2, 200], [2, 40], [2, 10], [1, 200], [2, 500], [1, 650], [1, 30]];3020.2834003219937;3096.3605768453012;[40, 1, 19, 46, 18, 14, 3, 20, 21, 50, 16, 9, 11, 8, 32, 13, 15, 33, 28, 38, 36, 45, 6, 5, 22, 30, 10, 47, 37, 7, 29, 25, 44, 24, 23, 31, 43, 27, 17, 39, 49, 34, 35, 2, 12, 4, 48, 42, 41, 26];9126;213;343;10000;200;2;0.2;10;RANKING;0.8;OurCX;0.2;SHIFT;-1;0.0;true
109;1.5;50;0.5;0.5;18;0;11;100000;[[1, 500], [1, 875], [1, 500], [2, 10], [2, 60], [1, 10], [2, 425], [2, 800], [2, 50], [2, 275], [1, 650], [2, 90], [1, 350], [2, 500], [2, 70], [1, 200], [2, 200], [1, 30], [2, 875], [2, 70], [2, 650], [1, 800], [2, 650], [2, 10], [1, 275], [1, 500], [2, 30], [2, 725], [1, 200], [2, 100], [1, 350], [2, 650], [2, 425], [1, 200], [1, 80], [1, 50], [1, 725], [1, 275], [2, 200], [1, 90], [2, 500], [1, 275], [2, 60], [2, 100], [1, 275], [1, 20], [1, 275], [1, 575], [1, 50], [2, 40]];6096.986002207948;6196.548073586421;[4, 24, 35, 18, 27, 36, 49, 50, 9, 5, 43, 20, 15, 12, 40, 16, 29, 34, 46, 45, 44, 30, 42, 25, 38, 13, 47, 31, 17, 39, 10, 3, 1, 6, 26, 37, 48, 11, 22, 2, 7, 33, 41, 14, 23, 21, 32, 28, 8, 19];5806;131;348;10000;200;2;0.2;10;RANKING;0.8;OurCX;0.2;SHIFT;-1;0.0;true
110;1.5;50;0.5;0.5;19;0;11;100000;[[2, 70], [1, 10], [1, 100], [1, 575], [1, 90], [1, 60], [2, 50], [2, 90], [1, 90], [2, 275], [1, 650], [2, 500], [2, 50], [1, 90], [1, 10], [2, 10], [2, 275], [1, 650], [2, 350], [1, 40], [1, 500], [1, 80], [2, 90], [1, 30], [1, 875], [2, 800], [2, 650], [1, 350], [1, 275], [1, 40], [2, 20], [2, 350], [1, 30], [1, 575], [1, 60], [1, 575], [2, 800], [2, 275], [2, 90], [1, 575], [2, 200], [1, 30], [2, 350], [2, 20], [1, 575], [2, 40], [1, 40], [2, 60], [2, 100], [2, 70]];2689.4669401447854;2770.126972867366;[16, 42, 30, 15, 31, 20, 33, 35, 2, 22, 47, 44, 3, 6, 46, 14, 9, 13, 7, 48, 50, 1, 8, 23, 24, 39, 49, 5, 29, 28, 41, 17, 38, 10, 21, 4, 40, 34, 36, 18, 11, 45, 25, 19, 43, 32, 12, 27, 26, 37];2070;48;449;10000;200;2;0.2;10;RANKING;0.8;OurCX;0.2;SHIFT;-1;0.0;true
111;1.5;50;0.5;0.5;20;0;11;100000;[[1, 60], [2, 425], [1, 70], [2, 500], [2, 10], [1, 10], [1, 80], [2, 60], [2, 800], [2, 50], [2, 650], [1, 425], [2, 50], [1, 275], [2, 80], [1, 275], [2, 575], [2, 20], [1, 20], [2, 275], [1, 90], [2, 575], [2, 80], [2, 10], [2, 425], [1, 650], [1, 725], [1, 875], [1, 60], [1, 350], [2, 725], [2, 875], [2, 500], [2, 350], [1, 10], [2, 200], [2, 70], [1, 875], [1, 30], [1, 200], [2, 725], [2, 800], [1, 725], [1, 575], [1, 60], [2, 80], [1, 100], [1, 40], [2, 725], [1, 50]];8165.387237154444;8304.161709924858;[5, 24, 18, 39, 48, 45, 3, 50, 19, 1, 7, 29, 6, 35, 47, 10, 13, 8, 37, 23, 46, 15, 36, 21, 40, 16, 14, 12, 26, 28, 44, 27, 43, 30, 38, 20, 34, 2, 25, 33, 4, 17, 22, 11, 49, 31, 41, 42, 9, 32];10449;291;409;10000;200;2;0.2;10;RANKING;0.8;OurCX;0.2;SHIFT;-1;0.0;true
112;1.5;50;0.5;0.5;21;0;11;100000;[[2, 90], [2, 575], [1, 350], [1, 40], [2, 40], [1, 725], [2, 70], [2, 875], [2, 425], [2, 90], [1, 30], [1, 80], [1, 875], [2, 425], [1, 50], [2, 650], [1, 90], [1, 800], [2, 50], [1, 500], [1, 275], [1, 425], [2, 20], [2, 200], [2, 40], [1, 80], [2, 10], [1, 575], [2, 10], [1, 10], [2, 80], [2, 10], [2, 275], [2, 200], [2, 90], [2, 50], [2, 575], [2, 60], [1, 50], [1, 200], [2, 725], [2, 90], [2, 100], [1, 275], [1, 10], [1, 425], [1, 200], [2, 800], [1, 80], [2, 725]];3876.6197539817313;3940.0542349450416;[32, 27, 29, 23, 39, 11, 4, 49, 26, 15, 12, 30, 45, 17, 5, 25, 19, 36, 38, 7, 31, 10, 1, 42, 35, 43, 47, 44, 46, 40, 22, 20, 3, 21, 24, 34, 33, 6, 28, 18, 13, 9, 14, 37, 2, 16, 50, 41, 48, 8];8752;220;416;10000;200;2;0.2;10;RANKING;0.8;OurCX;0.2;SHIFT;-1;0.0;true
113;1.5;50;0.5;0.5;22;0;11;100000;[[1, 875], [1, 10], [1, 575], [1, 70], [1, 425], [1, 200], [2, 575], [1, 725], [2, 10], [1, 575], [2, 80], [1, 20], [1, 500], [2, 200], [2, 90], [2, 80], [2, 60], [2, 60], [2, 650], [1, 100], [1, 875], [1, 575], [1, 90], [1, 575], [1, 90], [2, 30], [2, 80], [1, 875], [1, 30], [2, 800], [2, 10], [2, 80], [1, 30], [1, 20], [2, 60], [1, 800], [1, 70], [1, 40], [2, 80], [2, 800], [2, 100], [2, 425], [1, 10], [2, 575], [2, 90], [2, 200], [1, 500], [1, 30], [2, 275], [1, 425]];3593.7471744163026;3708.6505093756987;[48, 2, 9, 31, 4, 34, 33, 20, 12, 29, 37, 38, 26, 25, 23, 17, 35, 18, 11, 39, 16, 32, 27, 45, 15, 41, 14, 46, 49, 50, 13, 43, 10, 6, 5, 47, 3, 22, 36, 21, 28, 8, 24, 1, 42, 44, 7, 19, 40, 30];12760;385;449;10000;200;2;0.2;10;RANKING;0.8;OurCX;0.2;SHIFT;-1;0.0;true
114;1.5;50;0.5;0.5;23;0;11;100000;[[2, 30], [2, 20], [1, 575], [1, 800], [1, 500], [2, 60], [2, 275], [2, 80], [1, 200], [2, 10], [2, 800], [2, 575], [2, 80], [1, 10], [2, 350], [2, 725], [1, 275], [2, 70], [2, 40], [1, 500], [1, 50], [2, 350], [1, 50], [2, 20], [2, 100], [1, 425], [2, 10], [2, 50], [2, 650], [1, 60], [2, 200], [1, 70], [2, 50], [1, 50], [1, 875], [1, 650], [1, 275], [1, 80], [1, 40], [1, 875], [2, 500], [1, 500], [1, 800], [1, 90], [2, 425], [2, 425], [1, 50], [2, 725], [1, 575], [2, 80]];4929.08230201681;5056.488419143551;[10, 27, 2, 24, 38, 30, 44, 39, 47, 32, 21, 23, 1, 19, 33, 28, 6, 18, 50, 8, 13, 17, 14, 34, 9, 25, 31, 7, 26, 42, 20, 3, 37, 36, 5, 49, 4, 35, 22, 15, 40, 43, 46, 45, 41, 12, 29, 16, 48, 11];5375;169;480;10000;200;2;0.2;10;RANKING;0.8;OurCX;0.2;SHIFT;-1;0.0;true
115;1.5;50;0.5;0.5;24;0;11;100000;[[2, 100], [2, 60], [1, 650], [1, 100], [1, 725], [2, 70], [1, 575], [2, 90], [1, 425], [2, 20], [2, 650], [1, 60], [2, 90], [1, 40], [1, 60], [1, 100], [2, 10], [1, 350], [1, 60], [2, 725], [2, 80], [1, 800], [1, 70], [2, 90], [2, 10], [1, 725], [1, 275], [2, 500], [2, 70], [2, 60], [1, 40], [2, 200], [1, 425], [1, 275], [2, 875], [2, 60], [1, 40], [1, 60], [2, 30], [2, 275], [1, 575], [2, 275], [2, 60], [1, 70], [2, 100], [2, 275], [2, 90], [2, 60], [2, 70], [2, 200]];2126.9637620509725;2194.2699904774577;[17, 25, 10, 15, 37, 4, 14, 44, 19, 38, 12, 23, 31, 39, 48, 2, 43, 36, 30, 49, 29, 6, 21, 13, 24, 8, 47, 1, 45, 16, 27, 34, 33, 32, 9, 18, 50, 40, 42, 46, 41, 7, 5, 3, 22, 26, 28, 11, 20, 35];14464;390;404;10000;200;2;0.2;10;RANKING;0.8;OurCX;0.2;SHIFT;-1;0.0;true
116;1.5;50;0.5;0.5;25;0;11;100000;[[1, 10], [1, 725], [1, 40], [2, 500], [1, 200], [2, 100], [2, 30], [1, 650], [2, 875], [1, 275], [1, 800], [1, 350], [2, 60], [2, 350], [1, 650], [2, 100], [1, 30], [2, 575], [1, 575], [1, 650], [2, 275], [1, 90], [2, 90], [2, 200], [2, 425], [2, 350], [2, 90], [1, 425], [1, 650], [1, 80], [1, 30], [1, 20], [2, 70], [2, 200], [1, 60], [2, 425], [2, 500], [1, 50], [1, 575], [2, 70], [1, 800], [1, 425], [2, 60], [2, 275], [1, 800], [2, 50], [1, 350], [2, 275], [2, 275], [2, 90]];5950.237775219713;6076.526838894606;[1, 35, 38, 3, 17, 22, 30, 31, 7, 46, 13, 43, 33, 40, 23, 50, 27, 6, 16, 10, 28, 47, 12, 32, 5, 42, 34, 24, 21, 44, 49, 48, 19, 29, 39, 8, 20, 15, 45, 11, 2, 41, 26, 14, 36, 25, 37, 4, 18, 9];4541;104;336;10000;200;2;0.2;10;RANKING;0.8;OurCX;0.2;SHIFT;-1;0.0;true
117;1.5;50;0.5;0.5;26;0;11;100000;[[2, 100], [2, 40], [2, 20], [1, 20], [1, 275], [1, 90], [1, 60], [2, 80], [2, 350], [2, 50], [2, 500], [2, 40], [1, 875], [2, 90], [1, 725], [1, 500], [2, 80], [1, 425], [2, 50], [1, 100], [1, 650], [1, 875], [1, 575], [1, 10], [2, 30], [2, 40], [1, 10], [1, 575], [1, 60], [2, 70], [2, 425], [2, 80], [2, 500], [2, 60], [2, 90], [2, 800], [1, 500], [2, 200], [2, 50], [2, 10], [2, 500], [1, 90], [1, 40], [1, 275], [1, 275], [2, 575], [1, 100], [2, 650], [2, 100], [1, 40]];2765.718124916715;2830.5714581991147;[40, 3, 27, 42, 50, 43, 4, 29, 7, 24, 20, 25, 2, 12, 26, 47, 6, 19, 10, 39, 34, 30, 8, 17, 32, 14, 35, 49, 1, 5, 45, 38, 18, 16, 37, 44, 23, 28, 15, 22, 21, 13, 9, 31, 33, 41, 11, 46, 48, 36];12768;288;336;10000;200;2;0.2;10;RANKING;0.8;OurCX;0.2;SHIFT;-1;0.0;true
118;1.5;50;0.5;0.5;27;0;11;100000;[[1, 350], [2, 50], [1, 500], [1, 575], [1, 425], [1, 100], [2, 725], [2, 90], [2, 425], [2, 80], [1, 10], [2, 875], [1, 40], [2, 90], [2, 100], [1, 800], [1, 275], [1, 20], [2, 80], [1, 20], [2, 90], [2, 90], [2, 875], [2, 60], [2, 40], [2, 100], [2, 425], [2, 500], [1, 275], [1, 275], [1, 725], [2, 500], [2, 875], [2, 875], [1, 100], [1, 60], [1, 500], [1, 30], [2, 575], [2, 425], [2, 80], [2, 60], [2, 80], [1, 425], [2, 10], [2, 60], [2, 350], [1, 20], [1, 575], [2, 875]];7108.161718837208;7179.427911097398;[45, 36, 38, 11, 6, 20, 13, 48, 35, 25, 2, 24, 42, 46, 41, 10, 19, 43, 8, 14, 22, 21, 15, 18, 26, 1, 29, 17, 30, 44, 3, 37, 5, 4, 49, 31, 16, 47, 27, 40, 9, 28, 32, 39, 7, 23, 50, 12, 34, 33];6578;224;508;10000;200;2;0.2;10;RANKING;0.8;OurCX;0.2;SHIFT;-1;0.0;true
119;1.5;50;0.5;0.5;28;0;11;100000;[[1, 800], [1, 20], [1, 90], [1, 80], [1, 10], [2, 725], [2, 60], [1, 500], [2, 275], [2, 60], [2, 875], [2, 20], [2, 350], [2, 725], [1, 350], [2, 800], [1, 70], [1, 575], [2, 10], [1, 725], [1, 725], [2, 60], [1, 90], [2, 70], [2, 90], [2, 875], [2, 275], [1, 30], [1, 650], [1, 10], [1, 60], [1, 800], [1, 650], [1, 30], [1, 50], [1, 350], [2, 70], [1, 100], [2, 90], [2, 575], [2, 10], [1, 100], [1, 70], [2, 425], [1, 100], [1, 100], [1, 200], [2, 575], [2, 70], [2, 875]];5368.160077587648;5460.01076245921;[19, 41, 12, 35, 28, 2, 4, 43, 5, 34, 47, 30, 31, 17, 23, 3, 42, 45, 46, 38, 10, 22, 7, 37, 24, 49, 25, 39, 15, 36, 9, 27, 18, 20, 8, 21, 33, 29, 32, 1, 13, 44, 40, 48, 14, 6, 16, 50, 26, 11];4433;139;487;10000;200;2;0.2;10;RANKING;0.8;OurCX;0.2;SHIFT;-1;0.0;true
120;1.5;50;0.5;0.5;29;0;11;100000;[[2, 80], [2, 500], [1, 20], [1, 575], [2, 800], [1, 650], [1, 40], [2, 50], [1, 70], [1, 10], [1, 275], [2, 100], [2, 10], [2, 575], [1, 60], [2, 30], [2, 725], [2, 80], [2, 725], [1, 50], [1, 350], [1, 60], [2, 20], [2, 30], [1, 100], [1, 575], [1, 650], [2, 350], [2, 425], [1, 725], [1, 60], [1, 800], [1, 575], [2, 575], [2, 70], [1, 875], [2, 90], [1, 90], [2, 70], [1, 800], [2, 875], [1, 575], [2, 275], [2, 350], [1, 70], [1, 800], [1, 70], [2, 30], [2, 500], [2, 100]];6508.839837308257;6679.587411625367;[13, 23, 31, 7, 9, 45, 47, 10, 22, 15, 3, 20, 38, 16, 48, 24, 8, 35, 39, 18, 1, 37, 50, 12, 43, 26, 11, 25, 42, 4, 6, 46, 40, 30, 33, 32, 21, 27, 36, 28, 44, 29, 2, 49, 14, 34, 17, 19, 5, 41];6793;273;587;10000;200;2;0.2;10;RANKING;0.8;OurCX;0.2;SHIFT;-1;0.0;true